RegionID,RegionName,State,GEOID,county,year,zhvi_annual_mean,zhvi_months_available,source_month_rows,median_income,median_home_value,median_rent,seasonal_vacant,total_housing_units,owner_occupied,total_occupied,population,fhfa_hpi,price_to_income,affordability_index_monthly_mean,seasonal_vacancy_rate,owner_occupancy_rate,zhvi_yoy_pct,income_yoy_pct,decoupling_pp,gentrified,natural_amenities_scale,usda_amenity_rank,high_amenity_usda
824,Albany County,WY,56001,Albany,2014,213178.467,12,12,42298,205300,727,1356,18373,7729,15440,37220,159.81,5.039918365,0.074411469,0.073803951,0.500582902,,,,0,4.91,6,1
824,Albany County,WY,56001,Albany,2015,221273.5455,12,12,42834,216100,727,1382,18537,7591,15662,37565,163.55,5.165838949,0.072603286,0.074553596,0.484676287,3.797324669,1.267199395,2.530125274,0,4.91,6,1
824,Albany County,WY,56001,Albany,2016,228538.8613,12,12,43043,220900,729,1330,18695,7606,15565,37836,168.31,5.309547693,0.070636257,0.071142017,0.488660456,3.283409134,0.487930149,2.795478985,0,4.91,6,1
824,Albany County,WY,56001,Albany,2017,235724.6606,12,12,45816,223000,748,1280,19048,7940,16009,37944,171.71,5.14502926,0.07288636,0.067198656,0.495971016,3.144235158,6.442394814,-3.298159657,0,4.91,6,1
824,Albany County,WY,56001,Albany,2018,237616.7116,12,12,46865,226900,762,1300,19162,7971,16027,38102,181.16,5.070238164,0.073966181,0.067842605,0.497348225,0.802652975,2.289593155,-1.48694018,0,4.91,6,1
824,Albany County,WY,56001,Albany,2019,248273.3237,12,12,49322,235000,796,1110,19266,8138,15944,38390,188.47,5.033723769,0.07452656,0.05761445,0.51041144,4.484790682,5.242718447,-0.757927764,0,4.91,6,1
824,Albany County,WY,56001,Albany,2020,264624.6183,12,12,51362,243500,818,1121,19414,8387,16137,38664,199.54,5.152147858,0.072819551,0.057741836,0.51973725,6.586005432,4.136085317,2.449920115,0,4.91,6,1
824,Albany County,WY,56001,Albany,2021,294774.3634,12,12,50733,247100,851,926,18546,8158,16016,37311,217.23,5.810308151,0.064614462,0.049929904,0.509365634,11.39340145,-1.224640785,12.61804224,0,4.91,6,1
824,Albany County,WY,56001,Albany,2022,331318.7935,12,12,55887,291500,927,764,18634,8235,16290,37525,250.47,5.928369629,0.06329945,0.041000322,0.505524862,12.39742481,10.15906806,2.238356744,0,4.91,6,1
824,Albany County,WY,56001,Albany,2023,344553.9107,12,12,59881,322100,936,783,18735,8198,16609,37713,265.23,5.753977232,0.065177065,0.041793435,0.493587814,3.994677471,7.146563602,-3.15188613,0,4.91,6,1
2144,Big Horn County,WY,56003,Big Horn,2014,142113.7682,12,12,52432,137000,593,299,5375,3277,4363,11827,167.47,2.710439582,0.138356172,0.055627907,0.7510887,,,,0,2.49,5,0
2144,Big Horn County,WY,56003,Big Horn,2015,147426.2743,12,12,51679,141400,595,238,5373,3321,4491,11895,169.47,2.852730786,0.131512738,0.044295552,0.739478958,3.738206511,-1.436145865,5.174352376,0,2.49,5,0
2144,Big Horn County,WY,56003,Big Horn,2016,152664.7969,12,12,50820,148200,598,267,5376,3279,4459,11931,179.07,3.004029848,0.124835783,0.049665179,0.735366674,3.55331681,-1.662183866,5.215500676,0,2.49,5,0
2144,Big Horn County,WY,56003,Big Horn,2017,153581.7265,12,12,51716,151900,651,266,5454,3255,4481,11920,186.43,2.969713947,0.126285635,0.048771544,0.726400357,0.600616282,1.763085399,-1.162469117,0,2.49,5,0
2144,Big Horn County,WY,56003,Big Horn,2018,156453.6105,12,12,53435,154600,656,238,5461,3269,4494,11901,190.84,2.927923842,0.128077517,0.043581762,0.72741433,1.869938618,3.323922964,-1.453984345,0,2.49,5,0
2144,Big Horn County,WY,56003,Big Horn,2019,160677.3432,12,12,52804,163400,678,265,5474,3276,4475,11882,200.66,3.042900977,0.123263945,0.048410669,0.732067039,2.699670954,-1.180873959,3.880544913,0,2.49,5,0
2144,Big Horn County,WY,56003,Big Horn,2020,172392.4303,12,12,51237,160000,662,286,5468,3290,4408,11809,210.56,3.364608198,0.111534847,0.052304316,0.746370236,7.291063463,-2.967578214,10.25864168,0,2.49,5,0
2144,Big Horn County,WY,56003,Big Horn,2021,202736.1728,12,12,56059,158800,724,238,5340,3235,4215,11671,239.45,3.616478581,0.103929703,0.044569288,0.767497034,17.60155158,9.411167711,8.190383866,0,2.49,5,0
2144,Big Horn County,WY,56003,Big Horn,2022,237745.5258,12,12,61262,179800,785,170,5355,3286,4262,11690,290.73,3.880799286,0.096795669,0.031746032,0.770999531,17.26842949,9.281292924,7.987136571,0,2.49,5,0
2144,Big Horn County,WY,56003,Big Horn,2023,248872.3949,12,12,60547,198200,876,180,5370,3364,4357,11737,314.16,4.1104001,0.09126064,0.033519553,0.772090888,4.680159171,-1.167118279,5.84727745,0,2.49,5,0
2172,Campbell County,WY,56005,Campbell,2014,244589.4095,12,12,78609,206500,921,396,19386,12837,17316,47448,169.27,3.111468274,0.120522556,0.020427112,0.741337491,,,,0,0.79,4,0
2172,Campbell County,WY,56005,Campbell,2015,250855.7656,12,12,80060,212200,936,460,19525,12651,17510,48013,176.33,3.13334706,0.119704884,0.023559539,0.722501428,2.561989941,1.845844623,0.716145317,0,0.79,4,0
2172,Campbell County,WY,56005,Campbell,2016,257589.6973,12,12,80822,214000,947,521,19626,12241,17534,48473,171.56,3.187123522,0.117663974,0.026546418,0.698129349,2.684383873,0.95178616,1.732597713,0,0.79,4,0
2172,Campbell County,WY,56005,Campbell,2017,254781.3483,12,12,80178,213900,949,511,20034,12575,17588,48116,166.38,3.177696479,0.118019303,0.025506639,0.71497612,-1.090241212,-0.796812749,-0.293428463,0,0.79,4,0
2172,Campbell County,WY,56005,Campbell,2018,250624.971,12,12,79916,220200,940,538,20158,12626,17488,47708,172.22,3.136105047,0.119576644,0.026689156,0.721980787,-1.631350698,-0.32677293,-1.304577768,0,0.79,4,0
2172,Campbell County,WY,56005,Campbell,2019,253092.6242,12,12,82659,222700,936,519,20264,12900,17574,47409,176.33,3.06188829,0.122506939,0.025611923,0.734038921,0.984599902,3.432353972,-2.44775407,0,0.79,4,0
2172,Campbell County,WY,56005,Campbell,2020,264568.9195,12,12,80887,224400,884,557,20339,13056,17506,46958,181.52,3.270845989,0.114681214,0.027385811,0.74580144,4.53442503,-2.143747202,6.678172232,0,0.79,4,0
2172,Campbell County,WY,56005,Campbell,2021,282739.1912,12,12,87547,230400,867,469,19851,13396,17190,46758,191.81,3.229570302,0.116145095,0.023626014,0.779290285,6.867878432,8.233708754,-1.365830322,0,0.79,4,0
2172,Campbell County,WY,56005,Campbell,2022,298217.1934,12,12,93315,247800,924,461,19900,13703,17509,46857,216.44,3.195811963,0.117400341,0.023165829,0.782626078,5.47430374,6.588461055,-1.114157315,0,0.79,4,0
2172,Campbell County,WY,56005,Campbell,2023,314160.7424,12,12,95253,266400,952,465,19952,14019,17879,47018,230.39,3.298171632,0.113723686,0.023305934,0.784104256,5.346287687,2.076836521,3.269451166,0,0.79,4,0
917,Carbon County,WY,56007,Carbon,2014,145177.1433,12,12,56933,140900,811,1207,8560,4293,6161,15795,192.54,2.549964753,0.147062221,0.141004673,0.696802467,,,,0,5.41,6,1
917,Carbon County,WY,56007,Carbon,2015,154462.0323,12,12,56825,146200,794,1188,8559,4217,6108,15739,203.99,2.718205584,0.138047658,0.138801262,0.690406025,6.395558453,-0.189696661,6.585255114,0,5.41,6,1
917,Carbon County,WY,56007,Carbon,2016,158023.3326,12,12,56972,153700,829,1196,8571,4273,6095,15696,207.09,2.773701688,0.13520565,0.13954031,0.701066448,2.305615299,0.258688957,2.046926341,0,5.41,6,1
917,Carbon County,WY,56007,Carbon,2017,155745.5271,12,12,57644,158600,851,1067,8734,4390,6205,15689,209.58,2.701851486,0.138798679,0.122166247,0.707493956,-1.441436189,1.179526785,-2.620962974,0,5.41,6,1
917,Carbon County,WY,56007,Carbon,2018,157158.8334,12,12,60206,165700,811,1174,8755,4331,6341,15477,211.85,2.610351682,0.143664668,0.134094803,0.683015297,0.907445837,4.444521546,-3.537075709,0,5.41,6,1
917,Carbon County,WY,56007,Carbon,2019,158836.2868,12,12,60161,174900,792,1127,8803,4317,6204,15247,213.63,2.640186944,0.142036249,0.128024537,0.695841393,1.067361835,-0.074743381,1.142105216,0,5.41,6,1
917,Carbon County,WY,56007,Carbon,2020,162923.4022,12,12,62423,183800,768,1209,8809,4398,6226,15073,221.7,2.609989943,0.143716005,0.137245998,0.706392547,2.573162292,3.759910906,-1.186748614,0,5.41,6,1
917,Carbon County,WY,56007,Carbon,2021,176356.5224,12,12,62654,188100,722,1010,8226,4167,5937,14714,232.22,2.814768768,0.133309014,0.122781425,0.701869631,8.245052573,0.370055909,7.874996665,0,5.41,6,1
917,Carbon County,WY,56007,Carbon,2022,189213.5744,12,12,65196,212800,825,1017,8218,4256,5847,14609,261.8,2.902226738,0.129243072,0.123752738,0.727894647,7.290375123,4.057203052,3.233172071,0,5.41,6,1
917,Carbon County,WY,56007,Carbon,2023,194195.2882,12,12,66721,214500,894,979,8220,4518,5885,14549,266.26,2.910557219,0.128846501,0.119099757,0.767714528,2.632852209,2.339100558,0.293751651,0,5.41,6,1
2223,Converse County,WY,56009,Converse,2014,190442.2133,12,12,61820,187200,628,250,6449,4218,5721,13991,204.93,3.080592257,0.121750178,0.0387657,0.737283692,,,,0,2.86,5,0
2223,Converse County,WY,56009,Converse,2015,200840.576,12,12,62307,190300,647,196,6478,4229,5677,14101,210.58,3.223403085,0.116381344,0.030256252,0.744935705,5.460114374,0.787770948,4.672343427,0,2.86,5,0
2223,Converse County,WY,56009,Converse,2016,207969.6929,12,12,66737,194500,685,296,6506,4095,5576,14223,205.77,3.116257742,0.120345623,0.045496465,0.734397418,3.549639753,7.109955543,-3.560315789,0,2.86,5,0
2223,Converse County,WY,56009,Converse,2017,202835.8623,12,12,62776,197200,711,333,6623,4123,5630,14166,202.1,3.231105237,0.116066415,0.05027933,0.732326821,-2.468547469,-5.935238324,3.466690855,0,2.86,5,0
2223,Converse County,WY,56009,Converse,2018,199556.8721,12,12,63923,207900,704,338,6654,3908,5429,13997,210.01,3.121832081,0.120123745,0.050796513,0.719837908,-1.616573232,1.827131388,-3.443704619,0,2.86,5,0
2223,Converse County,WY,56009,Converse,2019,209914.527,12,12,69647,206700,739,297,6678,3964,5378,13921,222.21,3.013978018,0.124486343,0.044474394,0.73707698,5.190327372,8.954523411,-3.764196039,0,2.86,5,0
2223,Converse County,WY,56009,Converse,2020,225065.4284,12,12,73806,224900,738,424,6691,4177,5461,13842,224.62,3.049419131,0.123030767,0.063368704,0.764878227,7.217652623,5.971542206,1.246110417,0,2.86,5,0
2223,Converse County,WY,56009,Converse,2021,248019.4452,12,12,73698,227200,785,281,6621,4512,5636,13702,235.59,3.365348384,0.111523856,0.042440719,0.800567779,10.19881951,-0.146329567,10.34514907,0,2.86,5,0
2223,Converse County,WY,56009,Converse,2022,271643.4255,12,12,79235,251700,928,209,6623,4554,5656,13729,260.08,3.428326189,0.109415823,0.031556696,0.805162659,9.525051673,7.513093978,2.011957695,0,2.86,5,0
2223,Converse County,WY,56009,Converse,2023,277730.2952,12,12,79164,269700,930,290,6643,4469,5707,13759,265.2,3.508290324,0.106904717,0.043654975,0.783073419,2.240757209,-0.089606866,2.330364074,0,2.86,5,0
463,Crook County,WY,56011,Crook,2014,211600.1042,12,12,58795,188100,726,340,3590,2338,2974,7155,178.48,3.598947261,0.10420673,0.094707521,0.786146604,,,,0,2.57,5,0
463,Crook County,WY,56011,Crook,2015,226329.3625,12,12,60445,205800,743,305,3587,2317,2958,7229,190.48,3.744385185,0.100233095,0.085029272,0.783299527,6.960893685,2.806361085,4.1545326,0,2.57,5,0
463,Crook County,WY,56011,Crook,2016,236653.535,12,12,60307,217500,736,242,3573,2348,2976,7284,201.53,3.924147031,0.095562628,0.067730199,0.788978495,4.56157008,-0.228306725,4.789876805,0,2.57,5,0
463,Crook County,WY,56011,Crook,2017,237952.7494,12,12,66944,219000,759,278,3637,2388,3010,7347,202.31,3.554504502,0.105506391,0.076436624,0.793355482,0.548994285,11.00535593,-10.45636164,0,2.57,5,0
463,Crook County,WY,56011,Crook,2018,239522.6849,12,12,64055,220200,792,309,3650,2448,2924,7410,206.99,3.739328466,0.100299559,0.084657534,0.837209302,0.659767749,-4.315547323,4.975315072,0,2.57,5,0
463,Crook County,WY,56011,Crook,2019,248418.3087,12,12,65132,225300,798,308,3656,2387,2919,7472,217.97,3.814074628,0.098348312,0.084245077,0.817745803,3.713896162,1.681367575,2.032528587,0,2.57,5,0
463,Crook County,WY,56011,Crook,2020,265790.9499,12,12,66898,239300,688,349,3662,2241,2826,7502,219.03,3.973077669,0.094454631,0.095303113,0.792993631,6.993301476,2.711416815,4.281884661,0,2.57,5,0
463,Crook County,WY,56011,Crook,2021,307333.5608,12,12,67835,256000,749,367,3663,2218,2822,7185,236.68,4.530604567,0.082936593,0.1001911,0.785967399,15.6298064,1.40063978,14.22916662,0,2.57,5,0
463,Crook County,WY,56011,Crook,2022,360331.7513,12,12,68876,270600,778,425,3672,2159,2755,7258,296.55,5.231601012,0.071769015,0.115740741,0.783666062,17.24451775,1.534606029,15.70991172,0,2.57,5,0
463,Crook County,WY,56011,Crook,2023,366023.2113,12,12,71209,276800,881,359,3673,2196,2891,7339,325.34,5.140125704,0.072986123,0.097740267,0.759598755,1.579505542,3.387246646,-1.807741104,0,2.57,5,0
1716,Fremont County,WY,56013,Fremont,2014,199406.5864,12,12,51749,183700,683,1161,17731,10975,15290,40739,183.2,3.853341832,0.097331928,0.06547854,0.717789405,,,,1,3.71,5,0
1716,Fremont County,WY,56013,Fremont,2015,207054.6765,12,12,52773,186500,708,1215,17723,10875,15330,40755,187.15,3.923496419,0.095590273,0.068554985,0.709393346,3.835424997,1.978782199,1.856642798,1,3.71,5,0
1716,Fremont County,WY,56013,Fremont,2016,207281.8064,12,12,53559,189600,714,1261,17703,10718,15159,40683,187.15,3.870158263,0.096900159,0.071230865,0.707038723,0.109695628,1.489397988,-1.37970236,1,3.71,5,0
1716,Fremont County,WY,56013,Fremont,2017,201555.5813,12,12,55013,189700,742,1248,17950,10699,15167,40354,188.09,3.663780948,0.102365096,0.069526462,0.705413068,-2.762531465,2.714763158,-5.477294623,1,3.71,5,0
1716,Fremont County,WY,56013,Fremont,2018,198491.4863,12,12,54242,194100,787,1269,17983,10488,15003,40076,191.82,3.659368871,0.102483005,0.070566646,0.699060188,-1.520223339,-1.401486921,-0.118736418,1,3.71,5,0
1716,Fremont County,WY,56013,Fremont,2019,208605.733,12,12,55896,196400,789,1288,18010,10503,14907,39812,201.26,3.732033295,0.100501747,0.071515825,0.704568324,5.095556943,3.049297592,2.046259351,1,3.71,5,0
1716,Fremont County,WY,56013,Fremont,2020,216583.153,12,12,54291,195500,785,1319,18029,10383,14834,39711,204.33,3.989301229,0.094032232,0.073159909,0.69994607,3.824161422,-2.871404036,6.695565458,1,3.71,5,0
1716,Fremont County,WY,56013,Fremont,2021,244135.9966,12,12,57887,207600,821,1248,17481,10252,14490,39434,228.27,4.217458093,0.08912027,0.071391797,0.707522429,12.72160056,6.6235656,6.09803496,1,3.71,5,0
1716,Fremont County,WY,56013,Fremont,2022,289182.5579,12,12,60030,236700,819,1237,17474,10333,14617,39402,273.47,4.817300648,0.077952027,0.070790889,0.706916604,18.4514213,3.702040182,14.74938112,1,3.71,5,0
1716,Fremont County,WY,56013,Fremont,2023,304522.4669,12,12,64646,252700,858,1110,17471,10469,14810,39472,297.41,4.710615768,0.079632845,0.063533856,0.706887238,5.304576167,7.689488589,-2.384912422,1,3.71,5,0
1045,Goshen County,WY,56015,Goshen,2014,139256.8045,12,12,45287,147600,672,122,5968,4030,5370,13555,155.54,3.074984089,0.121953533,0.020442359,0.750465549,,,,0,2,4,0
1045,Goshen County,WY,56015,Goshen,2015,144566.6362,12,12,42689,148700,669,126,5952,4124,5384,13544,158.42,3.386507911,0.110801125,0.021169355,0.765973254,3.812978311,-5.736745644,9.549723955,0,2,4,0
1045,Goshen County,WY,56015,Goshen,2016,150230.2475,12,12,44883,153000,661,144,5949,4084,5350,13546,167.14,3.347152542,0.11203618,0.024205749,0.763364486,3.917647573,5.139497294,-1.221849721,0,2,4,0
1045,Goshen County,WY,56015,Goshen,2017,149854.9899,12,12,48422,154900,715,155,6032,4050,5328,13479,166.31,3.094770763,0.121176257,0.025696286,0.760135135,-0.249788342,7.884945302,-8.134733644,0,2,4,0
1045,Goshen County,WY,56015,Goshen,2018,153332.7536,12,12,49774,168200,724,131,6031,3849,5209,13438,166.09,3.080579291,0.121731323,0.021721108,0.738913419,2.320752713,2.792119285,-0.471366572,0,2,4,0
1045,Goshen County,WY,56015,Goshen,2019,158975.0649,12,12,54289,174000,705,107,6031,3836,5207,13342,170.66,2.928310797,0.128091555,0.017741668,0.736700595,3.679782108,9.071000924,-5.391218816,0,2,4,0
1045,Goshen County,WY,56015,Goshen,2020,167319.3686,12,12,55955,184500,661,97,6028,3791,5234,13301,173.37,2.990248746,0.12545807,0.016091573,0.724302637,5.248812919,3.068761628,2.180051291,0,2,4,0
1045,Goshen County,WY,56015,Goshen,2021,189730.1578,12,12,58318,191300,682,83,5875,3672,4962,12642,190.23,3.253372163,0.115550733,0.01412766,0.740024184,13.39401973,4.223036369,9.170983357,0,2,4,0
1045,Goshen County,WY,56015,Goshen,2022,219019.5103,12,12,62356,217200,736,37,5866,3815,5069,12592,218.14,3.512404745,0.106841701,0.006307535,0.752613928,15.43737314,6.924105765,8.513267379,0,2,4,0
1045,Goshen County,WY,56015,Goshen,2023,229083.8047,12,12,64882,234600,759,71,5860,3742,5053,12587,234.49,3.530775943,0.106226394,0.012116041,0.740550168,4.595158878,4.05093335,0.544225528,0,2,4,0
3096,Hot Springs County,WY,56017,Hot Springs,2014,137239.5676,12,12,45385,147600,628,199,2582,1620,2218,4826,171.92,3.023897049,0.124016135,0.077072037,0.730387737,,,,0,1.08,4,0
3096,Hot Springs County,WY,56017,Hot Springs,2015,141441.4291,12,12,45278,151600,669,183,2571,1621,2182,4809,168.09,3.123844453,0.120052723,0.07117853,0.742896425,3.061698338,-0.235760714,3.297459052,0,1.08,4,0
3096,Hot Springs County,WY,56017,Hot Springs,2016,144328.7391,12,12,46087,147500,690,160,2607,1668,2262,4781,191.96,3.131658366,0.119754152,0.061373226,0.737400531,2.041346711,1.786739697,0.254607014,0,1.08,4,0
3096,Hot Springs County,WY,56017,Hot Springs,2017,149126.1785,12,12,48403,147700,725,141,2589,1727,2246,4741,181.1,3.080928423,0.121730737,0.054461182,0.768922529,3.323966794,5.025278278,-1.701311484,0,1.08,4,0
3096,Hot Springs County,WY,56017,Hot Springs,2018,150159.3868,12,12,51875,151800,720,92,2565,1681,2209,4680,190.89,2.894638781,0.129555187,0.035867446,0.760977818,0.692841682,7.173109105,-6.480267423,0,1.08,4,0
3096,Hot Springs County,WY,56017,Hot Springs,2019,154292.6051,12,12,51413,147300,730,126,2611,1593,2118,4607,178.94,3.001042636,0.12496481,0.048257373,0.752124646,2.752554047,-0.89060241,3.643156457,0,1.08,4,0
3096,Hot Springs County,WY,56017,Hot Springs,2020,156876.2296,12,12,53398,164400,739,185,2641,1555,2187,4550,188.5,2.93786714,0.127653063,0.070049224,0.711019662,1.674496648,3.860891214,-2.186394567,0,1.08,4,0
3096,Hot Springs County,WY,56017,Hot Springs,2021,173228.6726,12,12,60805,178800,734,171,2531,1553,2085,4673,211.01,2.848921513,0.13186484,0.067562228,0.744844125,10.42378639,13.87130604,-3.447519654,0,1.08,4,0
3096,Hot Springs County,WY,56017,Hot Springs,2022,203091.2589,12,12,64031,191200,824,159,2552,1503,2105,4616,241.37,3.171764597,0.118373518,0.062304075,0.714014252,17.23882416,5.305484746,11.93333941,0,1.08,4,0
3096,Hot Springs County,WY,56017,Hot Springs,2023,216659.9614,12,12,64375,214400,976,227,2490,1510,2079,4618,259.3,3.365591634,0.111459712,0.091164659,0.726310726,6.681086435,0.537239774,6.14384666,0,1.08,4,0
1828,Johnson County,WY,56019,Johnson,2014,219994.3355,12,12,56708,225400,792,394,4544,2809,3785,8599,164.03,3.879423282,0.096678811,0.086707746,0.742140026,,,,1,2.78,5,0
1828,Johnson County,WY,56019,Johnson,2015,234529.7931,12,12,54065,227700,854,479,4532,2623,3649,8600,175.96,4.337922743,0.086492921,0.105692851,0.718827076,6.607196299,-4.660718064,11.26791436,1,2.78,5,0
1828,Johnson County,WY,56019,Johnson,2016,245065.3868,12,12,54594,247800,871,528,4536,2688,3668,8572,182.87,4.488870331,0.083541065,0.116402116,0.732824427,4.492219777,0.978451863,3.513767913,1,2.78,5,0
1828,Johnson County,WY,56019,Johnson,2017,248518.1688,12,12,52415,255200,886,485,4598,2718,3778,8562,188.01,4.741355886,0.079095983,0.105480644,0.719428269,1.408922723,-3.991281093,5.400203816,1,2.78,5,0
1828,Johnson County,WY,56019,Johnson,2018,253401.7083,12,12,55991,257800,881,528,4618,2718,3828,8515,192.13,4.525757859,0.082867355,0.11433521,0.710031348,1.965063383,6.822474482,-4.8574111,1,2.78,5,0
1828,Johnson County,WY,56019,Johnson,2019,264119.57,12,12,58132,252900,942,502,4620,2687,3845,8487,195.39,4.543445434,0.082542982,0.108658009,0.698829649,4.229593308,3.82382883,0.405764479,1,2.78,5,0
1828,Johnson County,WY,56019,Johnson,2020,277821.315,12,12,56565,248200,877,458,4645,2808,3961,8518,202.56,4.91154097,0.076387422,0.098600646,0.708911891,5.187705316,-2.695589348,7.883294664,1,2.78,5,0
1828,Johnson County,WY,56019,Johnson,2021,320573.0819,12,12,58020,255500,944,460,4592,2841,3825,8457,230.36,5.525216854,0.068076391,0.100174216,0.742745098,15.38822424,2.572261999,12.81596224,1,2.78,5,0
1828,Johnson County,WY,56019,Johnson,2022,373015.9182,12,12,60667,296200,932,354,4614,2837,3971,8536,277.21,6.148580252,0.061040125,0.076723017,0.714429615,16.35908915,4.562219924,11.79686923,1,2.78,5,0
1828,Johnson County,WY,56019,Johnson,2023,383967.0702,12,12,63905,296000,1081,332,4635,3119,3919,8602,262.23,6.008404197,0.062416126,0.07162891,0.795866292,2.935840406,5.337333311,-2.401492905,1,2.78,5,0
1848,Laramie County,WY,56021,Laramie,2014,223239.2527,12,12,58324,186600,783,925,40971,25428,37364,94412,161.29,3.82757103,0.097985784,0.022576945,0.680548121,,,,0,3.05,5,0
1848,Laramie County,WY,56021,Laramie,2015,239152.2216,12,12,60706,190000,827,1082,41256,25632,37294,95431,168.25,3.939515395,0.095242018,0.026226488,0.687295544,7.128212728,4.084082025,3.044130703,0,3.05,5,0
1848,Laramie County,WY,56021,Laramie,2016,251094.1642,12,12,61201,195900,849,1118,41571,25590,37362,96459,176.65,4.102778781,0.091411146,0.026893748,0.684920507,4.993448342,0.815405397,4.178042945,0,3.05,5,0
1848,Laramie County,WY,56021,Laramie,2017,262380.916,12,12,62879,202800,902,942,42424,26650,38447,97031,185.07,4.172790852,0.089881679,0.022204413,0.693162015,4.495027526,2.741785265,1.753242261,0,3.05,5,0
1848,Laramie County,WY,56021,Laramie,2018,273995.4415,12,12,64220,214000,929,743,42922,27332,39179,97692,193.37,4.266512636,0.087906411,0.01731047,0.697618622,4.426589268,2.132667504,2.293921763,0,3.05,5,0
1848,Laramie County,WY,56021,Laramie,2019,293247.6028,12,12,66910,227900,950,637,43384,27692,39683,98320,207.68,4.382717125,0.085653162,0.014682832,0.697830305,7.026453164,4.188726254,2.83772691,0,3.05,5,0
1848,Laramie County,WY,56021,Laramie,2020,322963.0046,12,12,69369,239900,933,557,43841,29169,40202,99272,217.63,4.655725246,0.080592015,0.012705002,0.725560917,10.13321217,3.675085936,6.458126231,0,3.05,5,0
1848,Laramie County,WY,56021,Laramie,2021,341498.9007,12,12,71550,253700,954,436,43882,29498,40842,99905,241.8,4.772870729,0.078574945,0.009935737,0.722246707,5.739324881,3.144055702,2.595269179,0,3.05,5,0
1848,Laramie County,WY,56021,Laramie,2022,360242.9719,12,12,76282,295800,1043,454,44389,29892,41407,100316,275.71,4.722516084,0.079422557,0.010227759,0.721906924,5.488764734,6.613556953,-1.124792219,0,3.05,5,0
1848,Laramie County,WY,56021,Laramie,2023,363705.5204,12,12,77884,324900,1080,328,45032,30093,42503,100661,281.42,4.669836172,0.080309592,0.007283709,0.70802061,0.961170326,2.100102252,-1.138931927,0,3.05,5,0
1886,Lincoln County,WY,56023,Lincoln,2014,,0,12,66530,194700,792,1212,8992,5423,6584,18180,151.05,,,0.134786477,0.823663426,,,,1,5.12,6,1
1886,Lincoln County,WY,56023,Lincoln,2015,,0,12,66647,201700,796,1197,9008,5496,6797,18316,162.84,,,0.132881883,0.808592026,,0.175860514,,1,5.12,6,1
1886,Lincoln County,WY,56023,Lincoln,2016,243573.8073,11,12,64579,204300,813,1069,9042,5540,7002,18543,169.09,3.771718474,0.09942639,0.118226056,0.791202514,,-3.10291536,,1,5.12,6,1
1886,Lincoln County,WY,56023,Lincoln,2017,253833.4338,12,12,63756,205900,836,1144,9234,5539,7063,18791,179.22,3.98132621,0.094226617,0.123889972,0.784227665,4.212122246,-1.274408089,5.486530335,1,5.12,6,1
1886,Lincoln County,WY,56023,Lincoln,2018,271638.0996,12,12,64519,231700,815,1284,9319,5571,7075,19011,183.72,4.210203189,0.089118943,0.137783024,0.787420495,7.014310702,1.19675011,5.817560592,1,5.12,6,1
1886,Lincoln County,WY,56023,Lincoln,2019,253483.8318,9,12,66964,246400,852,1535,9421,5693,6908,19274,203.52,3.785374706,0.099076197,0.162933871,0.824116966,-6.683255326,3.789581364,-10.47283669,1,5.12,6,1
1886,Lincoln County,WY,56023,Lincoln,2020,266867.2029,12,12,71898,253400,710,1289,9551,5906,7348,19640,210.03,3.711747238,0.101209721,0.13495969,0.803756124,5.279773083,7.368138104,-2.088365021,1,5.12,6,1
1886,Lincoln County,WY,56023,Lincoln,2021,350784.224,12,12,74835,283800,740,1214,9432,5878,7383,19457,243,4.687435344,0.080545954,0.128710772,0.796153325,31.44523573,4.084953684,27.36028205,1,5.12,6,1
1886,Lincoln County,WY,56023,Lincoln,2022,439249.0897,12,12,83033,325500,818,1155,9591,6056,7629,19794,297.25,5.290054432,0.071034118,0.120425399,0.793813082,25.21916884,10.95476715,14.26440169,1,5.12,6,1
1886,Lincoln County,WY,56023,Lincoln,2023,471151.1842,12,12,86092,334500,868,1055,9763,6304,7872,20158,300.01,5.472647681,0.068543078,0.108061047,0.800813008,7.262870933,3.684077415,3.578793518,1,5.12,6,1
1941,Natrona County,WY,56025,Natrona,2014,202194.8119,12,12,56769,183100,831,924,34900,21582,31790,78667,207.96,3.561711708,0.105313242,0.026475645,0.678892734,,,,0,2.49,5,0
1941,Natrona County,WY,56025,Natrona,2015,215687.2708,12,12,56871,185600,826,884,35316,21409,32131,80011,214.62,3.792570393,0.098902216,0.025031147,0.66630357,6.672999554,0.179675527,6.493324027,0,2.49,5,0
1941,Natrona County,WY,56025,Natrona,2016,214117.4525,12,12,56983,193200,832,944,35648,21298,32422,80871,210.67,3.757567213,0.099828032,0.026481149,0.656899636,-0.727821516,0.196936927,-0.924758444,0,2.49,5,0
1941,Natrona County,WY,56025,Natrona,2017,203848.9588,12,12,59400,198600,852,909,36385,21976,32984,81023,208.49,3.431800654,0.109280086,0.024982823,0.66626243,-4.795729409,4.241615921,-9.037345329,0,2.49,5,0
1941,Natrona County,WY,56025,Natrona,2018,202136.1069,12,12,60550,202600,867,896,36703,22023,32851,80610,211.24,3.338333722,0.11233995,0.024412173,0.670390551,-0.840255446,1.936026936,-2.776282382,0,2.49,5,0
1941,Natrona County,WY,56025,Natrona,2019,211855.3033,12,12,62772,208700,860,834,36979,22363,32799,80333,217.42,3.374996867,0.111142995,0.022553341,0.681819568,4.808243616,3.669694467,1.138549148,0,2.49,5,0
1941,Natrona County,WY,56025,Natrona,2020,224336.1071,12,12,62168,215400,846,907,37160,23220,32896,80067,227.77,3.608546311,0.103955241,0.024407966,0.705860895,5.891192509,-0.962212451,6.85340496,0,2.49,5,0
1941,Natrona County,WY,56025,Natrona,2021,244145.9428,12,12,64100,218700,895,765,36755,23389,32634,79382,244.36,3.808829061,0.098501629,0.020813495,0.716706502,8.830426813,3.107708146,5.722718667,0,2.49,5,0
1941,Natrona County,WY,56025,Natrona,2022,266268.1015,12,12,69104,247600,945,737,36936,23937,32895,79506,273.75,3.853150346,0.097379227,0.019953433,0.727678979,9.061038845,7.806552262,1.254486583,0,2.49,5,0
1941,Natrona County,WY,56025,Natrona,2023,280341.2287,12,12,71247,260400,973,870,37101,24487,33285,79735,293.95,3.934779411,0.095326072,0.023449503,0.735676731,5.285322216,3.101122945,2.184199271,0,2.49,5,0
2457,Niobrara County,WY,56027,Niobrara,2014,,0,12,39567,135900,600,159,1315,637,1015,2492,,,,0.120912548,0.627586207,,,,0,-0.01,3,0
2457,Niobrara County,WY,56027,Niobrara,2015,,0,12,40398,157900,588,134,1321,715,1045,2516,,,,0.101438304,0.684210526,,2.100235044,,0,-0.01,3,0
2457,Niobrara County,WY,56027,Niobrara,2016,134658.8981,11,12,40640,155200,627,111,1281,689,981,2498,,3.313457138,0.113181807,0.086651054,0.702344546,,0.599039556,,0,-0.01,3,0
2457,Niobrara County,WY,56027,Niobrara,2017,132266.2502,12,12,36793,152500,615,103,1354,703,982,2479,,3.594875389,0.104336811,0.076070901,0.715885947,-1.776821211,-9.466043307,7.689222096,0,-0.01,3,0
2457,Niobrara County,WY,56027,Niobrara,2018,133701.5573,12,12,39359,144900,652,82,1377,743,978,2448,,3.396975465,0.110394595,0.059549746,0.759713701,1.085165056,6.974152692,-5.888987636,0,-0.01,3,0
2457,Niobrara County,WY,56027,Niobrara,2019,133315.1667,12,12,39150,156300,560,39,1328,747,964,2422,,3.405240529,0.110131672,0.02936747,0.774896266,-0.288994845,-0.531009426,0.242014581,0,-0.01,3,0
2457,Niobrara County,WY,56027,Niobrara,2020,137420.3437,12,12,46111,141600,823,49,1306,681,900,2377,,2.980207405,0.125923656,0.037519142,0.756666667,3.079302257,17.78033206,-14.7010298,0,-0.01,3,0
2457,Niobrara County,WY,56027,Niobrara,2021,157218.4386,12,12,48688,182900,909,41,1361,756,1017,2486,,3.229100366,0.116328181,0.030124908,0.743362832,14.40696072,5.588688166,8.818272559,0,-0.01,3,0
2457,Niobrara County,WY,56027,Niobrara,2022,177985.2115,12,12,54375,195600,951,18,1325,755,1072,2460,,3.273291246,0.114612148,0.013584906,0.704291045,13.20886602,11.68049622,1.528369802,0,-0.01,3,0
2457,Niobrara County,WY,56027,Niobrara,2023,172900.6596,12,12,48987,194200,775,28,1378,744,1141,2415,,3.529521294,0.106260802,0.020319303,0.652059597,-2.856727168,-9.908965517,7.052238349,0,-0.01,3,0
270,Park County,WY,56029,Park,2014,224767.1806,12,12,56318,213200,673,1024,13763,8500,11751,28735,180.89,3.991036269,0.093964022,0.074402383,0.723342694,,,,1,3.96,5,0
270,Park County,WY,56029,Park,2015,237570.5596,12,12,56363,221300,692,875,13823,8514,11822,28985,183.38,4.215009131,0.089030056,0.063300297,0.72018271,5.696284925,0.079903406,5.616381519,1,3.96,5,0
270,Park County,WY,56029,Park,2016,249958.232,12,12,61185,231100,723,921,13931,8512,11826,29083,192.88,4.085286132,0.091798773,0.06611155,0.719769998,5.214312909,8.555257882,-3.340944973,1,3.96,5,0
270,Park County,WY,56029,Park,2017,255607.6946,12,12,60828,236200,759,970,14192,8534,11811,29276,197.08,4.20213873,0.089241871,0.068348365,0.722546778,2.260162668,-0.583476342,2.843639011,1,3.96,5,0
270,Park County,WY,56029,Park,2018,263849.7074,12,12,62666,254800,822,1011,14324,8591,11977,29121,205.11,4.210412463,0.089079538,0.070580843,0.717291475,3.224477567,3.021634773,0.202842794,1,3.96,5,0
270,Park County,WY,56029,Park,2019,276055.987,12,12,63582,268500,882,1084,14452,8897,12160,29148,210.83,4.341731733,0.086396051,0.075006919,0.731661184,4.62622442,1.461717678,3.164506742,1,3.96,5,0
270,Park County,WY,56029,Park,2020,294582.9273,12,12,63684,280400,914,1009,14569,9243,12575,29273,223.1,4.625697621,0.081118641,0.069256641,0.735029821,6.711298128,0.160422761,6.550875367,1,3.96,5,0
270,Park County,WY,56029,Park,2021,337245.0189,12,12,62586,290600,874,955,14466,9070,12607,29664,258.91,5.388505719,0.069743413,0.066016867,0.71944158,14.48220099,-1.724137931,16.20633892,1,3.96,5,0
270,Park County,WY,56029,Park,2022,389225.0235,12,12,66754,329500,877,893,14622,9599,13050,29878,309.24,5.830737088,0.064381667,0.061072357,0.735555556,15.41312746,6.65963634,8.753491123,1,3.96,5,0
270,Park County,WY,56029,Park,2023,414481.1857,12,12,70533,374200,933,1080,14813,9842,13179,30109,338.93,5.876415092,0.063852011,0.072908931,0.746794142,6.488833101,5.66108398,0.827749121,1,3.96,5,0
1328,Platte County,WY,56031,Platte,2014,155298.1412,12,12,41299,147200,580,475,4678,2836,3690,8730,174.49,3.760336598,0.099726172,0.101539119,0.768563686,,,,0,4.1,5,0
1328,Platte County,WY,56031,Platte,2015,163430.6036,12,12,38500,155500,592,433,4691,2893,3758,8750,176.58,4.244950742,0.088433473,0.092304413,0.769824375,5.236677238,-6.777403811,12.01408105,0,4.1,5,0
1328,Platte County,WY,56031,Platte,2016,173538.0086,12,12,41051,164000,632,367,4698,2776,3680,8740,191.46,4.227375914,0.088708938,0.078118348,0.754347826,6.184524106,6.625974026,-0.44144992,0,4.1,5,0
1328,Platte County,WY,56031,Platte,2017,178514.2463,12,12,47380,169900,679,355,4799,2856,3740,8703,197.81,3.767713092,0.099564143,0.073973745,0.763636364,2.867520332,15.41740761,-12.54988728,0,4.1,5,0
1328,Platte County,WY,56031,Platte,2018,185479.5688,12,12,47096,173700,746,327,4822,2904,3936,8673,200.09,3.938329557,0.095222356,0.067814185,0.737804878,3.901830053,-0.599409033,4.501239086,0,4.1,5,0
1328,Platte County,WY,56031,Platte,2019,195450.9839,12,12,50903,188500,763,285,4844,3013,4030,8582,203.48,3.839675144,0.097696043,0.058835673,0.74764268,5.376018013,8.083489044,-2.70747103,0,4.1,5,0
1328,Platte County,WY,56031,Platte,2020,204478.7024,12,12,57784,188600,784,333,4869,2916,3846,8572,217.4,3.538673377,0.105993542,0.068391867,0.758190328,4.618916911,13.51786732,-8.898950405,0,4.1,5,0
1328,Platte County,WY,56031,Platte,2021,222421.977,12,12,59402,210400,808,335,4612,3060,3793,8607,230.05,3.744351656,0.10023327,0.0726366,0.806749275,8.775131313,2.800083068,5.975048245,0,4.1,5,0
1328,Platte County,WY,56031,Platte,2022,246692.5437,12,12,64753,237100,788,354,4624,2860,3861,8618,259.35,3.809746942,0.098467353,0.076557093,0.740740741,10.91194629,9.008114205,1.903832083,0,4.1,5,0
1328,Platte County,WY,56031,Platte,2023,254302.2135,12,12,66299,248900,745,243,4656,2810,3877,8606,276.51,3.835687016,0.097770189,0.052190722,0.724787207,3.084677649,2.387534168,0.69714348,0,4.1,5,0
2546,Sheridan County,WY,56033,Sheridan,2014,240243.5877,12,12,56015,219400,757,927,14143,8781,12568,29578,179.85,4.288915249,0.087452955,0.065544792,0.698679185,,,,1,2.17,4,0
2546,Sheridan County,WY,56033,Sheridan,2015,254674.7204,12,12,55455,228000,731,907,14257,8589,12578,29738,190.28,4.592457316,0.081704124,0.063617872,0.68285896,6.006875326,-0.999732215,7.006607541,1,2.17,4,0
2546,Sheridan County,WY,56033,Sheridan,2016,261188.3589,12,12,53914,237700,758,978,14344,8688,12697,29924,193.03,4.844536835,0.077412788,0.068181818,0.684256123,2.557630568,-2.778829682,5.33646025,1,2.17,4,0
2546,Sheridan County,WY,56033,Sheridan,2017,263865.5639,12,12,56455,240900,810,872,14651,9001,13130,29964,197.23,4.673909555,0.080250019,0.059518122,0.685529322,1.025009297,4.713061542,-3.688052245,1,2.17,4,0
2546,Sheridan County,WY,56033,Sheridan,2018,275789.7766,12,12,58521,261500,809,903,14779,8935,13159,30012,211.81,4.712663429,0.079586436,0.06110021,0.679002964,4.519048441,3.659551855,0.859496585,1,2.17,4,0
2546,Sheridan County,WY,56033,Sheridan,2019,291656.4433,12,12,60807,272400,836,896,14915,9117,13251,30140,221.4,4.796428754,0.078214787,0.060073751,0.688023545,5.753174361,3.90629005,1.846884312,1,2.17,4,0
2546,Sheridan County,WY,56033,Sheridan,2020,310772.1466,12,12,59380,284200,859,1252,15053,8991,13294,30397,229.18,5.233616481,0.071686432,0.083172789,0.676320144,6.554185178,-2.346769286,8.900954465,1,2.17,4,0
2546,Sheridan County,WY,56033,Sheridan,2021,352822.4294,12,12,62531,289800,868,1159,14817,8918,13003,30812,263.04,5.642360259,0.066592916,0.078220962,0.685841729,13.53090461,5.306500505,8.224404107,1,2.17,4,0
2546,Sheridan County,WY,56033,Sheridan,2022,403449.3326,12,12,68898,342400,919,1295,14999,9011,13066,31176,311.75,5.8557481,0.064082831,0.086339089,0.689652533,14.34911702,10.18214965,4.166967364,1,2.17,4,0
2546,Sheridan County,WY,56033,Sheridan,2023,414650.7281,12,12,70855,352200,950,1247,15236,9442,13515,31585,322.02,5.852102578,0.064086289,0.081845629,0.698631151,2.776406998,2.840430782,-0.064023783,1,2.17,4,0
2563,Sublette County,WY,56035,Sublette,2014,277763.5236,12,12,78578,284400,1180,1449,5815,2587,3540,10183,154.08,3.534876475,0.106100264,0.249183147,0.73079096,,,,1,5.29,6,1
2563,Sublette County,WY,56035,Sublette,2015,292452.5625,12,12,81772,275600,1171,1524,5843,2664,3623,10117,154.14,3.576438909,0.104868078,0.260824919,0.735302236,5.288325366,4.064750948,1.223574418,1,5.29,6,1
2563,Sublette County,WY,56035,Sublette,2016,298446.2363,12,12,76004,264700,1066,1891,5859,2285,3203,10032,154.12,3.926717492,0.09550486,0.322751323,0.713393693,2.049451614,-7.053759233,9.103210847,1,5.29,6,1
2563,Sublette County,WY,56035,Sublette,2017,295174.489,12,12,84911,264800,1078,1871,5953,2419,3197,10037,153.17,3.476280918,0.107874184,0.314295313,0.756646856,-1.096260174,11.71912005,-12.81538022,1,5.29,6,1
2563,Sublette County,WY,56035,Sublette,2018,290579.3219,12,12,78680,272600,980,1959,5989,2654,3275,9951,162.23,3.693178976,0.101546878,0.327099683,0.810381679,-1.556762981,-7.338271838,5.781508857,1,5.29,6,1
2563,Sublette County,WY,56035,Sublette,2019,277730.7978,12,12,77403,275100,895,1906,6028,2741,3340,9880,166.45,3.588114127,0.104545145,0.316191108,0.820658683,-4.4216925,-1.623029995,-2.798662505,1,5.29,6,1
2563,Sublette County,WY,56035,Sublette,2020,285418.1845,12,12,78655,290300,877,1623,6054,2932,3529,9865,171.8,3.628735421,0.103395228,0.268087215,0.830830264,2.767927356,1.617508365,1.150418991,1,5.29,6,1
2563,Sublette County,WY,56035,Sublette,2021,320000.1984,12,12,82342,309500,1008,1100,5246,2738,3337,8830,195.43,3.886233009,0.096642426,0.209683568,0.820497453,12.11626161,4.687559596,7.428702015,1,5.29,6,1
2563,Sublette County,WY,56035,Sublette,2022,364230.4598,12,12,85960,339400,985,963,5235,2882,3477,8801,234.15,4.237208699,0.088609296,0.183954155,0.828875467,13.82194811,4.393869471,9.428078638,1,5.29,6,1
2563,Sublette County,WY,56035,Sublette,2023,400820.6553,12,12,82791,350100,1116,806,5239,3015,3719,8806,260.03,4.841355404,0.077549549,0.153846154,0.810701802,10.04589114,-3.686598418,13.73248955,1,5.29,6,1
3036,Sweetwater County,WY,56037,Sweetwater,2014,205511.8748,12,12,69448,183400,908,309,18938,11774,16687,44595,181.34,2.959219485,0.126724958,0.016316401,0.705579193,,,,0,2.63,5,0
3036,Sweetwater County,WY,56037,Sweetwater,2015,215063.6981,12,12,69022,190900,892,280,19042,11841,16679,44772,184.28,3.115871724,0.120401902,0.014704338,0.709934648,4.64782065,-0.613408593,5.261229243,0,2.63,5,0
3036,Sweetwater County,WY,56037,Sweetwater,2016,218789.8894,12,12,68233,190700,891,164,19102,11994,16533,44812,185.61,3.206511357,0.116959563,0.008585488,0.725458175,1.732598924,-1.14311379,2.875712714,0,2.63,5,0
3036,Sweetwater County,WY,56037,Sweetwater,2017,214776.0414,12,12,71083,201000,870,158,19526,12001,16269,44527,189.28,3.021482512,0.124111721,0.008091775,0.737660581,-1.834567437,4.176864567,-6.011432004,0,2.63,5,0
3036,Sweetwater County,WY,56037,Sweetwater,2018,216163.8188,12,12,73008,205800,868,174,19628,11962,15871,44117,189.71,2.960823729,0.126655264,0.008864887,0.75370172,0.646150952,2.708101796,-2.061950845,0,2.63,5,0
3036,Sweetwater County,WY,56037,Sweetwater,2019,221253.2526,12,12,74843,205600,861,185,19771,11832,15523,43521,192.35,2.956231746,0.126858206,0.009357139,0.762223797,2.354433687,2.513423187,-0.1589895,0,2.63,5,0
3036,Sweetwater County,WY,56037,Sweetwater,2020,228011.806,12,12,73384,205100,852,274,19842,11852,15726,43352,194.96,3.107105173,0.12069701,0.013809092,0.753656365,3.054668505,-1.949414107,5.004082612,0,2.63,5,0
3036,Sweetwater County,WY,56037,Sweetwater,2021,236854.597,12,12,76668,217300,859,238,19174,11567,15529,42459,204.22,3.089354059,0.121411669,0.012412642,0.744864447,3.878216277,4.475089938,-0.596873661,0,2.63,5,0
3036,Sweetwater County,WY,56037,Sweetwater,2022,252378.9529,12,12,79375,240300,899,207,19198,11982,16335,42079,223.69,3.179577359,0.117969133,0.010782373,0.733516988,6.554382353,3.53080816,3.023574194,0,2.63,5,0
3036,Sweetwater County,WY,56037,Sweetwater,2023,264208.6198,12,12,76464,242900,913,179,19226,12476,16863,41786,237.59,3.455333488,0.108543664,0.009310309,0.73984463,4.687263656,-3.667401575,8.354665231,0,2.63,5,0
745,Teton County,WY,56039,Teton,2014,757377.7732,12,12,73572,675000,1108,3807,13034,4644,7873,21956,194.44,10.29437521,0.036446918,0.292082246,0.589864092,,,,1,5.39,6,1
745,Teton County,WY,56039,Teton,2015,857047.813,12,12,75325,689000,1113,3554,13146,4953,8187,22311,200.28,11.37799951,0.033047115,0.270348395,0.60498351,13.15988445,2.38269994,10.77718451,1,5.39,6,1
745,Teton County,WY,56039,Teton,2016,941680.1872,12,12,75594,720000,1187,3436,13292,5132,8576,22623,225.77,12.45707579,0.030105873,0.258501354,0.598414179,9.874871966,0.35711915,9.517752816,1,5.39,6,1
745,Teton County,WY,56039,Teton,2017,993561.4044,12,12,80049,739100,1272,3065,13508,5142,8795,22923,239.17,12.41191526,0.030236158,0.226902576,0.58465037,5.509430681,5.893324867,-0.383894186,1,5.39,6,1
745,Teton County,WY,56039,Teton,2018,1065563.932,12,12,83831,827400,1339,2747,13680,5287,9158,23059,270.94,12.71085794,0.029522428,0.200804094,0.577309456,7.246912715,4.724606179,2.522306536,1,5.39,6,1
745,Teton County,WY,56039,Teton,2019,1142235.436,12,12,84678,866600,1376,2766,13848,5448,9019,23280,296.51,13.48916408,0.027805397,0.199740035,0.6040581,7.195392149,1.010366094,6.185026055,1,5.39,6,1
745,Teton County,WY,56039,Teton,2020,1195846.571,12,12,87053,850800,1402,2352,14015,5609,10027,23356,294.25,13.73699437,0.027310681,0.167820193,0.559389648,4.693527582,2.804742672,1.88878491,1,5.39,6,1
745,Teton County,WY,56039,Teton,2021,1511372.583,12,12,94498,945300,1524,2282,13255,5656,9531,23319,319.79,15.99369916,0.0236985,0.172161449,0.593431959,26.38515844,8.552261266,17.83289717,1,5.39,6,1
745,Teton County,WY,56039,Teton,2022,1938185.455,12,12,108279,1137500,1511,2615,13365,6003,9645,23346,299.24,17.89992016,0.020964966,0.195660307,0.622395023,28.24008299,14.58337743,13.65670557,1,5.39,6,1
745,Teton County,WY,56039,Teton,2023,2099173.816,12,12,112681,1371900,1758,3110,13503,5773,9383,23358,,18.62935026,0.020157398,0.230319188,0.615261643,8.306138122,4.065423582,4.240714541,1,5.39,6,1
760,Uinta County,WY,56041,Uinta,2014,176697.978,12,12,56158,174800,675,285,8745,5323,7557,20989,180.64,3.14644357,0.119183606,0.032590051,0.704380045,,,,0,3.32,5,0
760,Uinta County,WY,56041,Uinta,2015,179976.08,12,12,56569,176700,641,341,8765,5480,7502,20930,181.01,3.181531935,0.117871709,0.038904735,0.730471874,1.85520064,0.73186367,1.12333697,0,3.32,5,0
760,Uinta County,WY,56041,Uinta,2016,184683.3122,12,12,53323,179500,643,289,8768,5227,7432,20893,190.17,3.463483153,0.108277897,0.032960766,0.703310011,2.615476525,-5.738125122,8.353601647,0,3.32,5,0
760,Uinta County,WY,56041,Uinta,2017,186378.0967,12,12,54672,178400,652,254,8941,5556,7705,20758,185.56,3.409022839,0.110003523,0.028408455,0.721090201,0.91767062,2.529865161,-1.612194541,0,3.32,5,0
760,Uinta County,WY,56041,Uinta,2018,189728.4136,12,12,58235,177500,664,181,8972,5822,7735,20609,197.17,3.257979113,0.11510832,0.020173874,0.752682612,1.797591585,6.517047117,-4.719455532,0,3.32,5,0
760,Uinta County,WY,56041,Uinta,2019,197438.8405,12,12,63403,175000,698,228,9041,5854,7597,20479,204.75,3.114029944,0.120437319,0.025218449,0.770567329,4.063928414,8.874388254,-4.810459841,0,3.32,5,0
760,Uinta County,WY,56041,Uinta,2020,208146.8464,12,12,72458,181600,685,110,9077,5996,7789,20374,214.83,2.872655144,0.130633613,0.012118541,0.769803569,5.423454582,14.2816586,-8.858204015,0,3.32,5,0
760,Uinta County,WY,56041,Uinta,2021,240628.4806,12,12,75106,190900,711,118,8819,6000,7675,20514,244.59,3.20385163,0.117318661,0.013380202,0.781758958,15.60515316,3.654530901,11.95062226,0,3.32,5,0
760,Uinta County,WY,56041,Uinta,2022,284624.9063,12,12,78164,224800,790,143,8831,5914,7586,20546,291.34,3.641381023,0.103136831,0.016192957,0.779593989,18.2839644,4.071578835,14.21238557,0,3.32,5,0
760,Uinta County,WY,56041,Uinta,2023,300453.4555,12,12,82672,255400,882,279,8868,5724,7479,20605,297.02,3.634283137,0.103194428,0.031461434,0.76534296,5.561196112,5.767360933,-0.206164822,0,3.32,5,0
2593,Washakie County,WY,56043,Washakie,2014,144654.9693,12,12,45696,158700,578,68,3823,2384,3461,8444,161.67,3.16559369,0.118463544,0.017787078,0.688818261,,,,0,1.1,4,0
2593,Washakie County,WY,56043,Washakie,2015,150014.5472,12,12,47652,160800,605,67,3819,2590,3512,8400,168.77,3.148126988,0.119186045,0.01754386,0.737471526,3.705076978,4.280462185,-0.575385207,0,1.1,4,0
2593,Washakie County,WY,56043,Washakie,2016,157706.3803,12,12,46212,156900,601,76,3811,2604,3493,8351,169.97,3.412671606,0.109889978,0.019942272,0.745490982,5.127391433,-3.021908839,8.149300272,0,1.1,4,0
2593,Washakie County,WY,56043,Washakie,2017,160918.8157,12,12,51362,165500,627,98,3858,2657,3490,8253,169.52,3.133032508,0.119695559,0.025401763,0.761318052,2.036972376,11.14429153,-9.10731915,0,1.1,4,0
2593,Washakie County,WY,56043,Washakie,2018,162080.6128,12,12,53426,162700,628,87,3868,2629,3422,8129,164.24,3.033740365,0.123614031,0.022492244,0.768264173,0.721977157,4.018535104,-3.296557947,0,1.1,4,0
2593,Washakie County,WY,56043,Washakie,2019,166309.3301,12,12,54158,165800,640,73,3860,2574,3365,8027,175.49,3.070817425,0.122143763,0.018911917,0.764933135,2.609021082,1.370119418,1.238901665,0,1.1,4,0
2593,Washakie County,WY,56043,Washakie,2020,173099.447,12,12,57306,165900,624,70,3861,2510,3437,7933,180.62,3.020616463,0.124165251,0.018130018,0.730288042,4.082823782,5.812622327,-1.729798545,0,1.1,4,0
2593,Washakie County,WY,56043,Washakie,2021,191458.1397,12,12,62271,178700,621,62,3842,2429,3370,7768,197.48,3.074595554,0.122220852,0.016137428,0.720771513,10.60586446,8.664014239,1.941850219,0,1.1,4,0
2593,Washakie County,WY,56043,Washakie,2022,221682.6068,12,12,61875,194000,689,50,3856,2446,3414,7725,227.66,3.582749202,0.104750665,0.012966805,0.716461629,15.78646234,-0.635930048,16.42239239,0,1.1,4,0
2593,Washakie County,WY,56043,Washakie,2023,230632.8016,12,12,62648,188600,725,90,3850,2535,3417,7708,263.94,3.681407253,0.101870409,0.023376623,0.741878841,4.037391516,1.249292929,2.788098586,0,1.1,4,0
1486,Weston County,WY,56045,Weston,2014,168511.4808,12,12,53920,160600,735,208,3520,2264,2996,7135,196.22,3.125212923,0.120011332,0.059090909,0.755674232,,,,0,-0.91,3,0
1486,Weston County,WY,56045,Weston,2015,176325.362,12,12,57738,178200,740,159,3506,2330,2986,7152,185.71,3.053887596,0.122827952,0.045350827,0.780308104,4.637002276,7.080860534,-2.443858258,0,-0.91,3,0
1486,Weston County,WY,56045,Weston,2016,179171.1176,12,12,55640,172300,762,86,3498,2406,3134,7175,189.89,3.220185434,0.11646066,0.024585477,0.767708998,1.613922977,-3.633655478,5.247578455,0,-0.91,3,0
1486,Weston County,WY,56045,Weston,2017,174860.2969,12,12,59605,180100,769,92,3564,2437,3182,7117,189.99,2.933651488,0.127833282,0.025813692,0.765870522,-2.405979641,7.126168224,-9.532147865,0,-0.91,3,0
1486,Weston County,WY,56045,Weston,2018,174738.8259,12,12,52867,169900,788,39,3565,2379,3062,7100,188.68,3.305253294,0.113462237,0.010939691,0.776943174,-0.069467485,-11.30442077,11.23495328,0,-0.91,3,0
1486,Weston County,WY,56045,Weston,2019,177048.3311,12,12,57031,166300,767,50,3562,2400,2891,7049,205.59,3.104422701,0.12080664,0.014037058,0.830162574,1.321689757,7.876369001,-6.554679244,0,-0.91,3,0
1486,Weston County,WY,56045,Weston,2020,183798.2747,12,12,53333,166600,761,58,3571,2419,2882,6942,215.37,3.446239189,0.108867578,0.016241949,0.839347675,3.812486438,-6.484192807,10.29667925,0,-0.91,3,0
1486,Weston County,WY,56045,Weston,2021,202024.9385,12,12,65566,174500,726,61,3431,2396,2754,6891,225.42,3.08124544,0.121761026,0.017779073,0.870007262,9.916667545,22.93701836,-13.02035081,0,-0.91,3,0
1486,Weston County,WY,56045,Weston,2022,221411.112,12,12,71800,208900,767,67,3412,2375,2638,6870,241.96,3.083720222,0.121714836,0.019636577,0.90030326,9.595930872,9.507976695,0.087954176,0,-0.91,3,0
1486,Weston County,WY,56045,Weston,2023,231833.8452,12,12,87545,214000,694,114,3417,2450,2754,6835,245.18,2.648167745,0.141619271,0.033362599,0.889615105,4.707411994,21.92896936,-17.22155737,0,-0.91,3,0
