RegionID,RegionName,State,GEOID,county,year,zhvi_annual_mean,zhvi_months_available,source_month_rows,median_income,median_home_value,median_rent,seasonal_vacant,total_housing_units,owner_occupied,total_occupied,population,fhfa_hpi,price_to_income,affordability_index_monthly_mean,seasonal_vacancy_rate,owner_occupancy_rate,zhvi_yoy_pct,income_yoy_pct,decoupling_pp,gentrified,natural_amenities_scale,usda_amenity_rank,high_amenity_usda,usda_rank5plus_group,usda_rank5plus_x_post2021
824,Albany County,WY,56001,Albany,2014,213178.4670206187,12,12,42298.0,205300.0,727.0,1356.0,18373.0,7729.0,15440.0,37220.0,159.81,5.039918365421976,0.0744114686715792,0.073803951450498,0.5005829015544041,,,,0,4.91,6,1,1,0
824,Albany County,WY,56001,Albany,2015,221273.54553696408,12,12,42834.0,216100.0,727.0,1382.0,18537.0,7591.0,15662.0,37565.0,163.55,5.165838948894899,0.0726032858958969,0.0745535955116793,0.4846762865534414,3.797324668613178,1.2671993947704463,2.530125273842732,0,4.91,6,1,1,0
824,Albany County,WY,56001,Albany,2016,228538.86134212383,12,12,43043.0,220900.0,729.0,1330.0,18695.0,7606.0,15565.0,37836.0,168.31,5.309547692821687,0.070636257163973,0.0711420165819737,0.4886604561516222,3.283409133942805,0.4879301489471022,2.795478984995703,0,4.91,6,1,1,0
824,Albany County,WY,56001,Albany,2017,235724.66056937876,12,12,45816.0,223000.0,748.0,1280.0,19048.0,7940.0,16009.0,37944.0,171.71,5.145029259851989,0.072886360236306,0.0671986560268794,0.4959710163033294,3.144235157668751,6.4423948144878285,-3.2981596568190774,0,4.91,6,1,1,0
824,Albany County,WY,56001,Albany,2018,237616.71157054548,12,12,46865.0,226900.0,762.0,1300.0,19162.0,7971.0,16027.0,38102.0,181.16,5.070238164313357,0.0739661814150779,0.0678426051560379,0.497348224870531,0.8026529751264055,2.289593155229608,-1.4869401801032025,0,4.91,6,1,1,0
824,Albany County,WY,56001,Albany,2019,248273.32371047663,12,12,49322.0,235000.0,796.0,1110.0,19266.0,8138.0,15944.0,38390.0,188.47,5.033723768510535,0.0745265602143149,0.0576144503270009,0.5104114400401405,4.484790682227469,5.242718446601935,-0.7579277643744664,0,4.91,6,1,1,0
824,Albany County,WY,56001,Albany,2020,264624.61829699954,12,12,51362.0,243500.0,818.0,1121.0,19414.0,8387.0,16137.0,38664.0,199.54,5.152147858280432,0.0728195505898217,0.0577418357886061,0.5197372497985995,6.5860054322996575,4.136085316897131,2.4499201154025263,0,4.91,6,1,1,0
824,Albany County,WY,56001,Albany,2021,294774.36340359546,12,12,50733.0,247100.0,851.0,926.0,18546.0,8158.0,16016.0,37311.0,217.23,5.810308150584342,0.0646144621887539,0.0499299040224307,0.5093656343656343,11.393401453207796,-1.2246407850161622,12.61804223822396,0,4.91,6,1,1,1
824,Albany County,WY,56001,Albany,2022,331318.7934531103,12,12,55887.0,291500.0,927.0,764.0,18634.0,8235.0,16290.0,37525.0,250.47,5.928369628949672,0.0632994503407255,0.0410003219920575,0.505524861878453,12.397424805724857,10.159068062208032,2.238356743516823,0,4.91,6,1,1,1
824,Albany County,WY,56001,Albany,2023,344553.9106538293,12,12,59881.0,322100.0,936.0,783.0,18735.0,8198.0,16609.0,37713.0,265.23,5.753977232408097,0.0651770649860874,0.0417934347477982,0.4935878138358721,3.9946774714402222,7.146563601553124,-3.151886130112902,0,4.91,6,1,1,1
2144,Big Horn County,WY,56003,Big Horn,2014,142113.76815069863,12,12,52432.0,137000.0,593.0,299.0,5375.0,3277.0,4363.0,11827.0,167.47,2.710439581757297,0.138356171898355,0.0556279069767441,0.7510887004354801,,,,0,2.49,5,0,1,0
2144,Big Horn County,WY,56003,Big Horn,2015,147426.27428502808,12,12,51679.0,141400.0,595.0,238.0,5373.0,3321.0,4491.0,11895.0,169.47,2.852730785909713,0.131512737839356,0.0442955518332402,0.7394789579158316,3.738206511205888,-1.4361458651205417,5.17435237632643,0,2.49,5,0,1,0
2144,Big Horn County,WY,56003,Big Horn,2016,152664.7968717571,12,12,50820.0,148200.0,598.0,267.0,5376.0,3279.0,4459.0,11931.0,179.07,3.0040298479291048,0.1248357826428645,0.0496651785714285,0.7353666741421844,3.553316810137308,-1.6621838657868817,5.21550067592419,0,2.49,5,0,1,0
2144,Big Horn County,WY,56003,Big Horn,2017,153581.7264991818,12,12,51716.0,151900.0,651.0,266.0,5454.0,3255.0,4481.0,11920.0,186.43,2.969713947311892,0.1262856351583322,0.0487715438210487,0.7264003570631555,0.6006162823476213,1.763085399449027,-1.1624691171014057,0,2.49,5,0,1,0
2144,Big Horn County,WY,56003,Big Horn,2018,156453.61051392375,12,12,53435.0,154600.0,656.0,238.0,5461.0,3269.0,4494.0,11901.0,190.84,2.927923842311664,0.128077517468044,0.0435817615821278,0.7274143302180686,1.8699386184835245,3.323922963879644,-1.45398434539612,0,2.49,5,0,1,0
2144,Big Horn County,WY,56003,Big Horn,2019,160677.3431929924,12,12,52804.0,163400.0,678.0,265.0,5474.0,3276.0,4475.0,11882.0,200.66,3.042900977065988,0.1232639449678214,0.0484106686152722,0.7320670391061452,2.699670953705957,-1.180873959015627,3.880544912721584,0,2.49,5,0,1,0
2144,Big Horn County,WY,56003,Big Horn,2020,172392.43025598236,12,12,51237.0,160000.0,662.0,286.0,5468.0,3290.0,4408.0,11809.0,210.56,3.364608198293857,0.1115348469585636,0.0523043160204828,0.7463702359346642,7.291063463078773,-2.967578213771682,10.258641676850456,0,2.49,5,0,1,0
2144,Big Horn County,WY,56003,Big Horn,2021,202736.1727821992,12,12,56059.0,158800.0,724.0,238.0,5340.0,3235.0,4215.0,11671.0,239.45,3.6164785811769606,0.1039297028650112,0.0445692883895131,0.767497034400949,17.601551576922493,9.411167710833968,8.190383866088524,0,2.49,5,0,1,1
2144,Big Horn County,WY,56003,Big Horn,2022,237745.52583799895,12,12,61262.0,179800.0,785.0,170.0,5355.0,3286.0,4262.0,11690.0,290.73,3.8807992856583033,0.0967956687867932,0.0317460317460317,0.7709995307367433,17.268429494035352,9.281292923526996,7.987136570508357,0,2.49,5,0,1,1
2144,Big Horn County,WY,56003,Big Horn,2023,248872.39486919917,12,12,60547.0,198200.0,876.0,180.0,5370.0,3364.0,4357.0,11737.0,314.16,4.110400100239469,0.0912606402488443,0.0335195530726257,0.7720908882258435,4.680159171021403,-1.167118278867818,5.847277449889221,0,2.49,5,0,1,1
2172,Campbell County,WY,56005,Campbell,2014,244589.4095161344,12,12,78609.0,206500.0,921.0,396.0,19386.0,12837.0,17316.0,47448.0,169.27,3.1114682735581725,0.1205225557009678,0.0204271123491179,0.7413374913374914,,,,0,0.79,4,0,0,0
2172,Campbell County,WY,56005,Campbell,2015,250855.765583687,12,12,80060.0,212200.0,936.0,460.0,19525.0,12651.0,17510.0,48013.0,176.33,3.133347059501461,0.1197048836208042,0.0235595390524968,0.7225014277555682,2.5619899405903146,1.84584462338917,0.7161453172011445,0,0.79,4,0,0,0
2172,Campbell County,WY,56005,Campbell,2016,257589.69730034645,12,12,80822.0,214000.0,947.0,521.0,19626.0,12241.0,17534.0,48473.0,171.56,3.187123522065112,0.1176639736332837,0.0265464180169163,0.698129348693966,2.684383873334961,0.9517861603797196,1.7325977129552417,0,0.79,4,0,0,0
2172,Campbell County,WY,56005,Campbell,2017,254781.34826162097,12,12,80178.0,213900.0,949.0,511.0,20034.0,12575.0,17588.0,48116.0,166.38,3.177696478605365,0.11801930294607,0.0255066387141858,0.7149761200818741,-1.0902412123459215,-0.7968127490039834,-0.2934284633419382,0,0.79,4,0,0,0
2172,Campbell County,WY,56005,Campbell,2018,250624.97095713243,12,12,79916.0,220200.0,940.0,538.0,20158.0,12626.0,17488.0,47708.0,172.22,3.1361050472637824,0.1195766442806345,0.0266891556702053,0.7219807868252516,-1.6313506984901305,-0.3267729302302347,-1.3045777682598958,0,0.79,4,0,0,0
2172,Campbell County,WY,56005,Campbell,2019,253092.62417572265,12,12,82659.0,222700.0,936.0,519.0,20264.0,12900.0,17574.0,47409.0,176.33,3.061888290152586,0.1225069387269701,0.0256119226213975,0.7340389211334927,0.9845999020633434,3.4323539716702545,-2.447754069606911,0,0.79,4,0,0,0
2172,Campbell County,WY,56005,Campbell,2020,264568.919475676,12,12,80887.0,224400.0,884.0,557.0,20339.0,13056.0,17506.0,46958.0,181.52,3.2708459885479253,0.1146812137514199,0.0273858105118245,0.7458014395064549,4.534425030097045,-2.1437472023615123,6.678172232458557,0,0.79,4,0,0,0
2172,Campbell County,WY,56005,Campbell,2021,282739.1912347073,12,12,87547.0,230400.0,867.0,469.0,19851.0,13396.0,17190.0,46758.0,191.81,3.229570302062976,0.1161450950571651,0.023626013802831,0.7792902850494473,6.867878432221453,8.23370875418794,-1.365830321966488,0,0.79,4,0,0,0
2172,Campbell County,WY,56005,Campbell,2022,298217.1933542854,12,12,93315.0,247800.0,924.0,461.0,19900.0,13703.0,17509.0,46857.0,216.44,3.1958119632887034,0.1174003411580934,0.0231658291457286,0.7826260780170198,5.474303739777442,6.588461055204631,-1.1141573154271889,0,0.79,4,0,0,0
2172,Campbell County,WY,56005,Campbell,2023,314160.7424442209,12,12,95253.0,266400.0,952.0,465.0,19952.0,14019.0,17879.0,47018.0,230.39,3.298171631803942,0.113723685971589,0.0233059342421812,0.7841042563901784,5.346287687375018,2.07683652145958,3.269451165915438,0,0.79,4,0,0,0
917,Carbon County,WY,56007,Carbon,2014,145177.1432550778,12,12,56933.0,140900.0,811.0,1207.0,8560.0,4293.0,6161.0,15795.0,192.54,2.549964752517482,0.1470622205795743,0.1410046728971962,0.6968024671319591,,,,0,5.41,6,1,1,0
917,Carbon County,WY,56007,Carbon,2015,154462.0323118478,12,12,56825.0,146200.0,794.0,1188.0,8559.0,4217.0,6108.0,15739.0,203.99,2.718205584018439,0.1380476575258102,0.138801261829653,0.6904060248853962,6.395558452652805,-0.1896966609874817,6.585255113640287,0,5.41,6,1,1,0
917,Carbon County,WY,56007,Carbon,2016,158023.33255950687,12,12,56972.0,153700.0,829.0,1196.0,8571.0,4273.0,6095.0,15696.0,207.09,2.773701687838006,0.1352056498947876,0.1395403103488507,0.7010664479081214,2.305615298696217,0.2586889573251261,2.0469263413710914,0,5.41,6,1,1,0
917,Carbon County,WY,56007,Carbon,2017,155745.52705743012,12,12,57644.0,158600.0,851.0,1067.0,8734.0,4390.0,6205.0,15689.0,209.58,2.701851485973044,0.1387986785376605,0.1221662468513853,0.7074939564867043,-1.44143618868372,1.1795267850874147,-2.620962973771135,0,5.41,6,1,1,0
917,Carbon County,WY,56007,Carbon,2018,157158.83335893168,12,12,60206.0,165700.0,811.0,1174.0,8755.0,4331.0,6341.0,15477.0,211.85,2.610351681874426,0.1436646678332181,0.1340948029697315,0.6830152972717237,0.9074458369391358,4.444521546041225,-3.537075709102089,0,5.41,6,1,1,0
917,Carbon County,WY,56007,Carbon,2019,158836.28676637085,12,12,60161.0,174900.0,792.0,1127.0,8803.0,4317.0,6204.0,15247.0,213.63,2.640186944471848,0.1420362493015318,0.1280245370896285,0.6958413926499033,1.06736183489482,-0.0747433810583619,1.142105215953182,0,5.41,6,1,1,0
917,Carbon County,WY,56007,Carbon,2020,162923.40220357335,12,12,62423.0,183800.0,768.0,1209.0,8809.0,4398.0,6226.0,15073.0,221.7,2.6099899428667857,0.1437160052169284,0.1372459984107163,0.7063925473819467,2.5731622920738277,3.759910905736264,-1.186748613662436,0,5.41,6,1,1,0
917,Carbon County,WY,56007,Carbon,2021,176356.52236973608,12,12,62654.0,188100.0,722.0,1010.0,8226.0,4167.0,5937.0,14714.0,232.22,2.814768767672233,0.133309014255842,0.1227814247507901,0.7018696311268318,8.245052573465173,0.3700559088797295,7.874996664585444,0,5.41,6,1,1,1
917,Carbon County,WY,56007,Carbon,2022,189213.57440378284,12,12,65196.0,212800.0,825.0,1017.0,8218.0,4256.0,5847.0,14609.0,261.8,2.9022267378947,0.1292430718286182,0.1237527378924312,0.7278946468274329,7.290375122668613,4.057203051680669,3.233172070987944,0,5.41,6,1,1,1
917,Carbon County,WY,56007,Carbon,2023,194195.28817713435,12,12,66721.0,214500.0,894.0,979.0,8220.0,4518.0,5885.0,14549.0,266.26,2.9105572185239184,0.128846500591245,0.1190997566909975,0.767714528462192,2.632852208964942,2.3391005583164537,0.2937516506484883,0,5.41,6,1,1,1
2223,Converse County,WY,56009,Converse,2014,190442.2133448853,12,12,61820.0,187200.0,628.0,250.0,6449.0,4218.0,5721.0,13991.0,204.93,3.0805922572773423,0.1217501777894046,0.0387657001085439,0.7372836916622968,,,,0,2.86,5,0,1,0
2223,Converse County,WY,56009,Converse,2015,200840.57601069388,12,12,62307.0,190300.0,647.0,196.0,6478.0,4229.0,5677.0,14101.0,210.58,3.223403084897265,0.1163813437099506,0.0302562519296079,0.7449357054782455,5.460114374420466,0.787770947913291,4.672343426507175,0,2.86,5,0,1,0
2223,Converse County,WY,56009,Converse,2016,207969.69293747365,12,12,66737.0,194500.0,685.0,296.0,6506.0,4095.0,5576.0,14223.0,205.77,3.116257742144142,0.1203456232299562,0.0454964648017214,0.7343974175035868,3.549639753273848,7.109955542715918,-3.56031578944207,0,2.86,5,0,1,0
2223,Converse County,WY,56009,Converse,2017,202835.86234689644,12,12,62776.0,197200.0,711.0,333.0,6623.0,4123.0,5630.0,14166.0,202.1,3.2311052368245257,0.1160664145671696,0.0502793296089385,0.7323268206039076,-2.4685474686548248,-5.935238323568637,3.466690854913812,0,2.86,5,0,1,0
2223,Converse County,WY,56009,Converse,2018,199556.87209203804,12,12,63923.0,207900.0,704.0,338.0,6654.0,3908.0,5429.0,13997.0,210.01,3.1218320806601385,0.1201237452285723,0.0507965133754132,0.7198379075336158,-1.6165732316362091,1.827131387791514,-3.443704619427723,0,2.86,5,0,1,0
2223,Converse County,WY,56009,Converse,2019,209914.52704725755,12,12,69647.0,206700.0,739.0,297.0,6678.0,3964.0,5378.0,13921.0,222.21,3.01397801839645,0.1244863433741605,0.0444743935309973,0.7370769802900706,5.190327372160075,8.954523410978844,-3.7641960388187687,0,2.86,5,0,1,0
2223,Converse County,WY,56009,Converse,2020,225065.42841405005,12,12,73806.0,224900.0,738.0,424.0,6691.0,4177.0,5461.0,13842.0,224.62,3.0494191314263075,0.1230307673870601,0.0633687042295621,0.7648782274308734,7.217652622670378,5.9715422056944245,1.246110416975954,0,2.86,5,0,1,0
2223,Converse County,WY,56009,Converse,2021,248019.44522877576,12,12,73698.0,227200.0,785.0,281.0,6621.0,4512.0,5636.0,13702.0,235.59,3.365348384335745,0.1115238563182933,0.0424407189246337,0.8005677785663591,10.19881950616488,-0.1463295667018971,10.34514907286678,0,2.86,5,0,1,1
2223,Converse County,WY,56009,Converse,2022,271643.4255465803,12,12,79235.0,251700.0,928.0,209.0,6623.0,4554.0,5656.0,13729.0,260.08,3.4283261885098795,0.1094158227134939,0.0315566963611656,0.8051626591230552,9.525051673272444,7.513093978126961,2.0119576951454823,0,2.86,5,0,1,1
2223,Converse County,WY,56009,Converse,2023,277730.29518603004,12,12,79164.0,269700.0,930.0,290.0,6643.0,4469.0,5707.0,13759.0,265.2,3.5082903237081253,0.106904716993841,0.0436549751618244,0.7830734186087261,2.240757208536226,-0.0896068656528026,2.3303640741890286,0,2.86,5,0,1,1
463,Crook County,WY,56011,Crook,2014,211600.1042226965,12,12,58795.0,188100.0,726.0,340.0,3590.0,2338.0,2974.0,7155.0,178.48,3.598947261207526,0.1042067299365466,0.0947075208913649,0.7861466039004708,,,,0,2.57,5,0,1,0
463,Crook County,WY,56011,Crook,2015,226329.36251544315,12,12,60445.0,205800.0,743.0,305.0,3587.0,2317.0,2958.0,7229.0,190.48,3.7443851851343055,0.1002330947490748,0.0850292723724561,0.7832995267072346,6.960893685215286,2.806361085126285,4.154532600089,0,2.57,5,0,1,0
463,Crook County,WY,56011,Crook,2016,236653.5349978218,12,12,60307.0,217500.0,736.0,242.0,3573.0,2348.0,2976.0,7284.0,201.53,3.9241470309884727,0.0955626282121148,0.0677301987125664,0.7889784946236559,4.561570079831867,-0.2283067251220072,4.789876804953874,0,2.57,5,0,1,0
463,Crook County,WY,56011,Crook,2017,237952.74938090064,12,12,66944.0,219000.0,759.0,278.0,3637.0,2388.0,3010.0,7347.0,202.31,3.554504501985251,0.1055063914157851,0.0764366235908716,0.7933554817275748,0.5489942852916929,11.005355928830806,-10.456361643539111,0,2.57,5,0,1,0
463,Crook County,WY,56011,Crook,2018,239522.6848793577,12,12,64055.0,220200.0,792.0,309.0,3650.0,2448.0,2924.0,7410.0,206.99,3.739328465839633,0.1002995591747589,0.0846575342465753,0.8372093023255814,0.6597677490769449,-4.31554732313576,4.975315072212705,0,2.57,5,0,1,0
463,Crook County,WY,56011,Crook,2019,248418.3086795871,12,12,65132.0,225300.0,798.0,308.0,3656.0,2387.0,2919.0,7472.0,217.97,3.814074628133438,0.0983483115891146,0.0842450765864332,0.8177458033573142,3.713896161739316,1.6813675747404666,2.0325285869988496,0,2.57,5,0,1,0
463,Crook County,WY,56011,Crook,2020,265790.94992790674,12,12,66898.0,239300.0,688.0,349.0,3662.0,2241.0,2826.0,7502.0,219.03,3.9730776694057632,0.0944546314694069,0.0953031130529765,0.7929936305732485,6.993301476312319,2.711416815083223,4.281884661229096,0,2.57,5,0,1,0
463,Crook County,WY,56011,Crook,2021,307333.56082231697,12,12,67835.0,256000.0,749.0,367.0,3663.0,2218.0,2822.0,7185.0,236.68,4.530604567292945,0.0829365927808256,0.1001911001911002,0.7859673990077959,15.62980639697411,1.4006397799635195,14.229166617010591,0,2.57,5,0,1,1
463,Crook County,WY,56011,Crook,2022,360331.7512821085,12,12,68876.0,270600.0,778.0,425.0,3672.0,2159.0,2755.0,7258.0,296.55,5.2316010117037655,0.0717690150096192,0.1157407407407407,0.7836660617059891,17.24451775393061,1.5346060293358832,15.709911724594726,0,2.57,5,0,1,1
463,Crook County,WY,56011,Crook,2023,366023.211263431,12,12,71209.0,276800.0,881.0,359.0,3673.0,2196.0,2891.0,7339.0,325.34,5.140125704102445,0.07298612279861,0.0977402668118704,0.7595987547561397,1.5795055420654736,3.387246646146691,-1.8077411040812172,0,2.57,5,0,1,1
1716,Fremont County,WY,56013,Fremont,2014,199406.58644362856,12,12,51749.0,183700.0,683.0,1161.0,17731.0,10975.0,15290.0,40739.0,183.2,3.853341831603095,0.0973319276977759,0.0654785404094523,0.7177894048397645,,,,1,3.71,5,0,1,0
1716,Fremont County,WY,56013,Fremont,2015,207054.6765049874,12,12,52773.0,186500.0,708.0,1215.0,17723.0,10875.0,15330.0,40755.0,187.15,3.9234964187176655,0.0955902731941991,0.0685549850476781,0.7093933463796478,3.835424996616621,1.9787821986898324,1.8566427979267883,1,3.71,5,0,1,0
1716,Fremont County,WY,56013,Fremont,2016,207281.8064317777,12,12,53559.0,189600.0,714.0,1261.0,17703.0,10718.0,15159.0,40683.0,187.15,3.8701582634436353,0.0969001594732844,0.0712308648251708,0.7070387228709017,0.1096956275628002,1.4893979876072994,-1.379702360044499,1,3.71,5,0,1,0
1716,Fremont County,WY,56013,Fremont,2017,201555.5813077657,12,12,55013.0,189700.0,742.0,1248.0,17950.0,10699.0,15167.0,40354.0,188.09,3.663780948280692,0.1023650961097036,0.0695264623955431,0.7054130678446627,-2.762531465054852,2.71476315838608,-5.477294623440931,1,3.71,5,0,1,0
1716,Fremont County,WY,56013,Fremont,2018,198491.48631867135,12,12,54242.0,194100.0,787.0,1269.0,17983.0,10488.0,15003.0,40076.0,191.82,3.659368871329807,0.1024830050796052,0.0705666462770394,0.6990601879624075,-1.520223339494431,-1.401486921273154,-0.1187364182212769,1,3.71,5,0,1,0
1716,Fremont County,WY,56013,Fremont,2019,208605.73303149207,12,12,55896.0,196400.0,789.0,1288.0,18010.0,10503.0,14907.0,39812.0,201.26,3.7320332945379286,0.1005017468343909,0.0715158245419211,0.7045683236063595,5.095556943224566,3.0492975922716603,2.046259350952906,1,3.71,5,0,1,0
1716,Fremont County,WY,56013,Fremont,2020,216583.1529972684,12,12,54291.0,195500.0,785.0,1319.0,18029.0,10383.0,14834.0,39711.0,204.33,3.989301228514273,0.0940322324720998,0.0731599090354429,0.6999460698395578,3.8241614215712927,-2.8714040360669824,6.695565457638275,1,3.71,5,0,1,0
1716,Fremont County,WY,56013,Fremont,2021,244135.99660141335,12,12,57887.0,207600.0,821.0,1248.0,17481.0,10252.0,14490.0,39434.0,228.27,4.217458092514958,0.0891202702619003,0.0713917968079629,0.7075224292615597,12.721600559805534,6.62356560019155,6.098034959613984,1,3.71,5,0,1,1
1716,Fremont County,WY,56013,Fremont,2022,289182.55787516374,12,12,60030.0,236700.0,819.0,1237.0,17474.0,10333.0,14617.0,39402.0,273.47,4.817300647595598,0.0779520270064406,0.0707908893212773,0.7069166039542998,18.45142129830828,3.702040181733368,14.749381116574911,1,3.71,5,0,1,1
1716,Fremont County,WY,56013,Fremont,2023,304522.4669180566,12,12,64646.0,252700.0,858.0,1110.0,17471.0,10469.0,14810.0,39472.0,297.41,4.710615767689518,0.0796328452163548,0.0635338561044015,0.7068872383524646,5.304576166559438,7.689488589038818,-2.3849124224793794,1,3.71,5,0,1,1
1045,Goshen County,WY,56015,Goshen,2014,139256.80445579303,12,12,45287.0,147600.0,672.0,122.0,5968.0,4030.0,5370.0,13555.0,155.54,3.0749840893809046,0.121953533243238,0.0204423592493297,0.750465549348231,,,,0,2.0,4,0,0,0
1045,Goshen County,WY,56015,Goshen,2015,144566.63620615494,12,12,42689.0,148700.0,669.0,126.0,5952.0,4124.0,5384.0,13544.0,158.42,3.3865079108471723,0.1108011252924979,0.0211693548387096,0.7659732540861813,3.812978310907256,-5.736745644445429,9.549723955352686,0,2.0,4,0,0,0
1045,Goshen County,WY,56015,Goshen,2016,150230.2475211246,12,12,44883.0,153000.0,661.0,144.0,5949.0,4084.0,5350.0,13546.0,167.14,3.347152541521837,0.1120361798280692,0.0242057488653555,0.7633644859813085,3.917647573187799,5.139497294384965,-1.2218497211971655,0,2.0,4,0,0,0
1045,Goshen County,WY,56015,Goshen,2017,149854.98987633266,12,12,48422.0,154900.0,715.0,155.0,6032.0,4050.0,5328.0,13479.0,166.31,3.0947707628006413,0.1211762571624998,0.0256962864721485,0.7601351351351351,-0.249788342217283,7.884945302230251,-8.134733644447534,0,2.0,4,0,0,0
1045,Goshen County,WY,56015,Goshen,2018,153332.75361890803,12,12,49774.0,168200.0,724.0,131.0,6031.0,3849.0,5209.0,13438.0,166.09,3.080579290772452,0.1217313234075479,0.0217211076106781,0.7389134190823574,2.3207527126359877,2.792119284622685,-0.4713665719866977,0,2.0,4,0,0,0
1045,Goshen County,WY,56015,Goshen,2019,158975.0648523965,12,12,54289.0,174000.0,705.0,107.0,6031.0,3836.0,5207.0,13342.0,170.66,2.92831079689065,0.1280915546492535,0.0177416680484165,0.7367005953524102,3.6797821080757576,9.071000924177277,-5.391218816101517,0,2.0,4,0,0,0
1045,Goshen County,WY,56015,Goshen,2020,167319.36859433254,12,12,55955.0,184500.0,661.0,97.0,6028.0,3791.0,5234.0,13301.0,173.37,2.9902487462127163,0.1254580699659928,0.0160915726609157,0.7243026366068017,5.248812918984158,3.068761627585692,2.180051291398466,0,2.0,4,0,0,0
1045,Goshen County,WY,56015,Goshen,2021,189730.1578278473,12,12,58318.0,191300.0,682.0,83.0,5875.0,3672.0,4962.0,12642.0,190.23,3.2533721634460595,0.115550733102078,0.014127659574468,0.7400241837968561,13.394019725146066,4.223036368510402,9.170983356635665,0,2.0,4,0,0,0
1045,Goshen County,WY,56015,Goshen,2022,219019.51025792805,12,12,62356.0,217200.0,736.0,37.0,5866.0,3815.0,5069.0,12592.0,218.14,3.512404744658542,0.1068417007822178,0.006307534947153,0.7526139277964096,15.43737314373428,6.924105764943933,8.513267378790346,0,2.0,4,0,0,0
1045,Goshen County,WY,56015,Goshen,2023,229083.804729072,12,12,64882.0,234600.0,759.0,71.0,5860.0,3742.0,5053.0,12587.0,234.49,3.53077594292827,0.1062263944248516,0.0121160409556313,0.7405501682169009,4.595158878444994,4.050933350439423,0.5442255280055708,0,2.0,4,0,0,0
3096,Hot Springs County,WY,56017,Hot Springs,2014,137239.5675754322,12,12,45385.0,147600.0,628.0,199.0,2582.0,1620.0,2218.0,4826.0,171.92,3.0238970491447,0.1240161350214393,0.0770720371804802,0.7303877366997295,,,,0,1.08,4,0,0,0
3096,Hot Springs County,WY,56017,Hot Springs,2015,141441.42913559315,12,12,45278.0,151600.0,669.0,183.0,2571.0,1621.0,2182.0,4809.0,168.09,3.123844452837872,0.1200527231952393,0.0711785297549591,0.7428964252978918,3.0616983384557983,-0.2357607138922524,3.2974590523480507,0,1.08,4,0,0,0
3096,Hot Springs County,WY,56017,Hot Springs,2016,144328.73909660894,12,12,46087.0,147500.0,690.0,160.0,2607.0,1668.0,2262.0,4781.0,191.96,3.1316583656260755,0.1197541524037827,0.0613732259301879,0.7374005305039788,2.041346710551029,1.7867396969830862,0.2546070135679423,0,1.08,4,0,0,0
3096,Hot Springs County,WY,56017,Hot Springs,2017,149126.17845894475,12,12,48403.0,147700.0,725.0,141.0,2589.0,1727.0,2246.0,4741.0,181.1,3.080928423009829,0.121730737482702,0.0544611819235225,0.7689225289403384,3.323966794391908,5.025278278039358,-1.7013114836474497,0,1.08,4,0,0,0
3096,Hot Springs County,WY,56017,Hot Springs,2018,150159.38678165592,12,12,51875.0,151800.0,720.0,92.0,2565.0,1681.0,2209.0,4680.0,190.89,2.8946387813331262,0.1295551865284006,0.0358674463937621,0.7609778180172023,0.6928416817142624,7.173109104807551,-6.480267423093289,0,1.08,4,0,0,0
3096,Hot Springs County,WY,56017,Hot Springs,2019,154292.60505971973,12,12,51413.0,147300.0,730.0,126.0,2611.0,1593.0,2118.0,4607.0,178.94,3.001042636292761,0.1249648099092106,0.0482573726541554,0.7521246458923513,2.7525540471697862,-0.8906024096385523,3.6431564568083386,0,1.08,4,0,0,0
3096,Hot Springs County,WY,56017,Hot Springs,2020,156876.2295590577,12,12,53398.0,164400.0,739.0,185.0,2641.0,1555.0,2187.0,4550.0,188.5,2.9378671403246885,0.1276530627125832,0.0700492237788716,0.7110196616369456,1.6744966476766487,3.8608912142843232,-2.1863945666076745,0,1.08,4,0,0,0
3096,Hot Springs County,WY,56017,Hot Springs,2021,173228.67262063365,12,12,60805.0,178800.0,734.0,171.0,2531.0,1553.0,2085.0,4673.0,211.01,2.848921513372809,0.1318648399279412,0.0675622283682339,0.7448441247002399,10.423786387229494,13.87130604142477,-3.4475196541952755,0,1.08,4,0,0,0
3096,Hot Springs County,WY,56017,Hot Springs,2022,203091.25888096285,12,12,64031.0,191200.0,824.0,159.0,2552.0,1503.0,2105.0,4616.0,241.37,3.1717645965385963,0.1183735179096863,0.0623040752351097,0.7140142517814727,17.238824155702858,5.305484746320199,11.933339409382658,0,1.08,4,0,0,0
3096,Hot Springs County,WY,56017,Hot Springs,2023,216659.96142786744,12,12,64375.0,214400.0,976.0,227.0,2490.0,1510.0,2079.0,4618.0,259.3,3.3655916338309506,0.1114597121177553,0.0911646586345381,0.7263107263107264,6.681086434575478,0.5372397744842328,6.143846660091246,0,1.08,4,0,0,0
1828,Johnson County,WY,56019,Johnson,2014,219994.33550330493,12,12,56708.0,225400.0,792.0,394.0,4544.0,2809.0,3785.0,8599.0,164.03,3.879423282487567,0.0966788109707011,0.0867077464788732,0.7421400264200793,,,,1,2.78,5,0,1,0
1828,Johnson County,WY,56019,Johnson,2015,234529.7930961604,12,12,54065.0,227700.0,854.0,479.0,4532.0,2623.0,3649.0,8600.0,175.96,4.337922742923525,0.0864929205616111,0.1056928508384819,0.7188270759112085,6.607196298759743,-4.660718064470625,11.267914363230368,1,2.78,5,0,1,0
1828,Johnson County,WY,56019,Johnson,2016,245065.3868435223,12,12,54594.0,247800.0,871.0,528.0,4536.0,2688.0,3668.0,8572.0,182.87,4.4888703308701015,0.0835410652151254,0.1164021164021164,0.732824427480916,4.492219776547635,0.9784518634976314,3.5137679130500032,1,2.78,5,0,1,0
1828,Johnson County,WY,56019,Johnson,2017,248518.16876525115,12,12,52415.0,255200.0,886.0,485.0,4598.0,2718.0,3778.0,8562.0,188.01,4.741355886010706,0.0790959831529233,0.1054806437581557,0.7194282689253574,1.4089227231153243,-3.991281093160426,5.40020381627575,1,2.78,5,0,1,0
1828,Johnson County,WY,56019,Johnson,2018,253401.70829864067,12,12,55991.0,257800.0,881.0,528.0,4618.0,2718.0,3828.0,8515.0,192.13,4.525757859274538,0.0828673554695864,0.1143352100476396,0.7100313479623824,1.9650633825499144,6.822474482495466,-4.857411099945552,1,2.78,5,0,1,0
1828,Johnson County,WY,56019,Johnson,2019,264119.56999593816,12,12,58132.0,252900.0,942.0,502.0,4620.0,2687.0,3845.0,8487.0,195.39,4.543445434458442,0.0825429815089287,0.1086580086580086,0.6988296488946684,4.229593308292223,3.823828829633325,0.4057644786588987,1,2.78,5,0,1,0
1828,Johnson County,WY,56019,Johnson,2020,277821.31496929977,12,12,56565.0,248200.0,877.0,458.0,4645.0,2808.0,3961.0,8518.0,202.56,4.911540970022094,0.076387421715102,0.0986006458557588,0.7089118909366322,5.187705316032565,-2.6955893483795457,7.8832946644121105,1,2.78,5,0,1,0
1828,Johnson County,WY,56019,Johnson,2021,320573.0818966853,12,12,58020.0,255500.0,944.0,460.0,4592.0,2841.0,3825.0,8457.0,230.36,5.52521685447579,0.0680763906269109,0.1001742160278745,0.7427450980392157,15.388224237621872,2.572261999469627,12.815962238152244,1,2.78,5,0,1,1
1828,Johnson County,WY,56019,Johnson,2022,373015.9181706798,12,12,60667.0,296200.0,932.0,354.0,4614.0,2837.0,3971.0,8536.0,277.21,6.148580252372456,0.0610401252170089,0.0767230169050715,0.714429614706623,16.35908915487041,4.562219924164079,11.796869230706331,1,2.78,5,0,1,1
1828,Johnson County,WY,56019,Johnson,2023,383967.0702177044,12,12,63905.0,296000.0,1081.0,332.0,4635.0,3119.0,3919.0,8602.0,262.23,6.008404197131749,0.0624161264659651,0.0716289104638619,0.7958662924215361,2.935840406149559,5.337333311355441,-2.401492905205882,1,2.78,5,0,1,1
1848,Laramie County,WY,56021,Laramie,2014,223239.25272723465,12,12,58324.0,186600.0,783.0,925.0,40971.0,25428.0,37364.0,94412.0,161.29,3.8275710295458927,0.0979857843219447,0.0225769446681799,0.6805481211861685,,,,0,3.05,5,0,1,0
1848,Laramie County,WY,56021,Laramie,2015,239152.2215537158,12,12,60706.0,190000.0,827.0,1082.0,41256.0,25632.0,37294.0,95431.0,168.25,3.939515394750367,0.0952420175883395,0.026226488268373,0.6872955435190647,7.128212727859484,4.0840820245525045,3.04413070330698,0,3.05,5,0,1,0
1848,Laramie County,WY,56021,Laramie,2016,251094.16419469487,12,12,61201.0,195900.0,849.0,1118.0,41571.0,25590.0,37362.0,96459.0,176.65,4.102778781305777,0.0914111459765922,0.0268937480455124,0.6849205074674803,4.99344834156048,0.8154053965011787,4.1780429450593015,0,3.05,5,0,1,0
1848,Laramie County,WY,56021,Laramie,2017,262380.9159916274,12,12,62879.0,202800.0,902.0,942.0,42424.0,26650.0,38447.0,97031.0,185.07,4.172790852138669,0.0898816792141874,0.0222044125966434,0.6931620152417614,4.495027526080175,2.741785264946661,1.753242261133514,0,3.05,5,0,1,0
1848,Laramie County,WY,56021,Laramie,2018,273995.44145895605,12,12,64220.0,214000.0,929.0,743.0,42922.0,27332.0,39179.0,97692.0,193.37,4.266512635611274,0.0879064111565377,0.0173104701551651,0.6976186222210878,4.426589267528613,2.1326675042542043,2.293921763274409,0,3.05,5,0,1,0
1848,Laramie County,WY,56021,Laramie,2019,293247.60282454506,12,12,66910.0,227900.0,950.0,637.0,43384.0,27692.0,39683.0,98320.0,207.68,4.382717124862428,0.0856531622352008,0.0146828323806011,0.69783030516846,7.026453163992863,4.188726253503572,2.837726910489291,0,3.05,5,0,1,0
1848,Laramie County,WY,56021,Laramie,2020,322963.0045954727,12,12,69369.0,239900.0,933.0,557.0,43841.0,29169.0,40202.0,99272.0,217.63,4.655725246082151,0.0805920148237424,0.0127050021669213,0.7255609173672951,10.133212167707594,3.6750859363323896,6.458126231375204,0,3.05,5,0,1,0
1848,Laramie County,WY,56021,Laramie,2021,341498.9006756143,12,12,71550.0,253700.0,954.0,436.0,43882.0,29498.0,40842.0,99905.0,241.8,4.772870729218928,0.0785749452431383,0.0099357367485529,0.7222467068214093,5.739324881299868,3.1440557021147786,2.595269179185089,0,3.05,5,0,1,1
1848,Laramie County,WY,56021,Laramie,2022,360242.9719038368,12,12,76282.0,295800.0,1043.0,454.0,44389.0,29892.0,41407.0,100316.0,275.71,4.722516083792203,0.0794225573153867,0.010227759129514,0.7219069239500567,5.488764734275753,6.6135569531796,-1.1247922189038473,0,3.05,5,0,1,1
1848,Laramie County,WY,56021,Laramie,2023,363705.5204494996,12,12,77884.0,324900.0,1080.0,328.0,45032.0,30093.0,42503.0,100661.0,281.42,4.669836172378147,0.0803095918645272,0.0072837093622313,0.7080206103098605,0.9611703255065996,2.100102252169589,-1.1389319266629894,0,3.05,5,0,1,1
1886,Lincoln County,WY,56023,Lincoln,2014,,0,12,66530.0,194700.0,792.0,1212.0,8992.0,5423.0,6584.0,18180.0,151.05,,,0.1347864768683274,0.8236634264884569,,,,1,5.12,6,1,1,0
1886,Lincoln County,WY,56023,Lincoln,2015,,0,12,66647.0,201700.0,796.0,1197.0,9008.0,5496.0,6797.0,18316.0,162.84,,,0.1328818827708703,0.8085920258937767,,0.1758605140538049,,1,5.12,6,1,1,0
1886,Lincoln County,WY,56023,Lincoln,2016,243573.80732631808,11,12,64579.0,204300.0,813.0,1069.0,9042.0,5540.0,7002.0,18543.0,169.09,3.771718473905109,0.0994263901924734,0.1182260561822605,0.7912025135675521,,-3.102915360031211,,1,5.12,6,1,1,0
1886,Lincoln County,WY,56023,Lincoln,2017,253833.4338489656,12,12,63756.0,205900.0,836.0,1144.0,9234.0,5539.0,7063.0,18791.0,179.22,3.981326210065964,0.0942266172039601,0.1238899718431882,0.784227665298032,4.212122245518213,-1.2744080893169585,5.486530334835171,1,5.12,6,1,1,0
1886,Lincoln County,WY,56023,Lincoln,2018,271638.0995637149,12,12,64519.0,231700.0,815.0,1284.0,9319.0,5571.0,7075.0,19011.0,183.72,4.210203189195662,0.0891189434503696,0.1377830239296061,0.7874204946996466,7.014310701616755,1.196750109793587,5.817560591823168,1,5.12,6,1,1,0
1886,Lincoln County,WY,56023,Lincoln,2019,253483.83180692975,9,12,66964.0,246400.0,852.0,1535.0,9421.0,5693.0,6908.0,19274.0,203.52,3.7853747059155634,0.0990761968612266,0.1629338711389449,0.824116965836711,-6.683255326091276,3.789581363629324,-10.4728366897206,1,5.12,6,1,1,0
1886,Lincoln County,WY,56023,Lincoln,2020,266867.2029274426,12,12,71898.0,253400.0,710.0,1289.0,9551.0,5906.0,7348.0,19640.0,210.03,3.711747238135173,0.1012097207032603,0.1349596900848078,0.8037561241154055,5.27977308261085,7.368138104055921,-2.088365021445071,1,5.12,6,1,1,0
1886,Lincoln County,WY,56023,Lincoln,2021,350784.22397807846,12,12,74835.0,283800.0,740.0,1214.0,9432.0,5878.0,7383.0,19457.0,243.0,4.687435344131469,0.0805459536308292,0.1287107718405428,0.7961533252065556,31.445235731515385,4.084953684386217,27.360282047129168,1,5.12,6,1,1,1
1886,Lincoln County,WY,56023,Lincoln,2022,439249.0896930036,12,12,83033.0,325500.0,818.0,1155.0,9591.0,6056.0,7629.0,19794.0,297.25,5.29005443249074,0.0710341179981463,0.1204253988113856,0.7938130816620789,25.219168841656227,10.954767154406351,14.264401687249874,1,5.12,6,1,1,1
1886,Lincoln County,WY,56023,Lincoln,2023,471151.1841513915,12,12,86092.0,334500.0,868.0,1055.0,9763.0,6304.0,7872.0,20158.0,300.01,5.472647680985359,0.0685430775927696,0.1080610468093823,0.8008130081300813,7.26287093291067,3.6840774150036726,3.5787935179069974,1,5.12,6,1,1,1
1941,Natrona County,WY,56025,Natrona,2014,202194.81193713084,12,12,56769.0,183100.0,831.0,924.0,34900.0,21582.0,31790.0,78667.0,207.96,3.561711707747729,0.1053132421440584,0.0264756446991404,0.6788927335640138,,,,0,2.49,5,0,1,0
1941,Natrona County,WY,56025,Natrona,2015,215687.2708368488,12,12,56871.0,185600.0,826.0,884.0,35316.0,21409.0,32131.0,80011.0,214.62,3.792570393290935,0.0989022164073275,0.0250311473553063,0.6663035697612897,6.672999554465919,0.1796755271362915,6.493324027329628,0,2.49,5,0,1,0
1941,Natrona County,WY,56025,Natrona,2016,214117.4524720875,12,12,56983.0,193200.0,832.0,944.0,35648.0,21298.0,32422.0,80871.0,210.67,3.757567212538608,0.0998280319474679,0.0264811490125673,0.656899636049596,-0.7278215161564794,0.1969369274322563,-0.9247584435887356,0,2.49,5,0,1,0
1941,Natrona County,WY,56025,Natrona,2017,203848.95883427,12,12,59400.0,198600.0,852.0,909.0,36385.0,21976.0,32984.0,81023.0,208.49,3.431800653775589,0.1092800863026525,0.0249828225917273,0.6662624302692215,-4.795729408912197,4.241615920537711,-9.03734532944991,0,2.49,5,0,1,0
1941,Natrona County,WY,56025,Natrona,2018,202136.10685623743,12,12,60550.0,202600.0,867.0,896.0,36703.0,22023.0,32851.0,80610.0,211.24,3.338333721820601,0.1123399498428388,0.0244121733918208,0.6703905512769779,-0.8402554459084111,1.9360269360269464,-2.7762823819353577,0,2.49,5,0,1,0
1941,Natrona County,WY,56025,Natrona,2019,211855.30330948095,12,12,62772.0,208700.0,860.0,834.0,36979.0,22363.0,32799.0,80333.0,217.42,3.3749968665883032,0.1111429954976578,0.0225533410854809,0.681819567669746,4.808243615850394,3.669694467382323,1.138549148468071,0,2.49,5,0,1,0
1941,Natrona County,WY,56025,Natrona,2020,224336.10706806133,12,12,62168.0,215400.0,846.0,907.0,37160.0,23220.0,32896.0,80067.0,227.77,3.60854631109351,0.1039552406641139,0.0244079655543595,0.7058608949416343,5.8911925090438855,-0.9622124514114594,6.853404960455345,0,2.49,5,0,1,0
1941,Natrona County,WY,56025,Natrona,2021,244145.94281794265,12,12,64100.0,218700.0,895.0,765.0,36755.0,23389.0,32634.0,79382.0,244.36,3.8088290611223496,0.0985016292411969,0.0208134947626173,0.7167065024207881,8.830426813045822,3.1077081456698075,5.722718667376014,0,2.49,5,0,1,1
1941,Natrona County,WY,56025,Natrona,2022,266268.1015356554,12,12,69104.0,247600.0,945.0,737.0,36936.0,23937.0,32895.0,79506.0,273.75,3.853150346371489,0.0973792273715489,0.0199534329651288,0.7276789785681714,9.061038845199665,7.806552262090483,1.2544865831091825,0,2.49,5,0,1,1
1941,Natrona County,WY,56025,Natrona,2023,280341.2286607694,12,12,71247.0,260400.0,973.0,870.0,37101.0,24487.0,33285.0,79735.0,293.95,3.934779410512294,0.0953260722499701,0.0234495027088218,0.7356767312603275,5.285322216198529,3.101122945126189,2.18419927107234,0,2.49,5,0,1,1
2457,Niobrara County,WY,56027,Niobrara,2014,,0,12,39567.0,135900.0,600.0,159.0,1315.0,637.0,1015.0,2492.0,,,,0.1209125475285171,0.6275862068965518,,,,0,-0.01,3,0,0,0
2457,Niobrara County,WY,56027,Niobrara,2015,,0,12,40398.0,157900.0,588.0,134.0,1321.0,715.0,1045.0,2516.0,,,,0.1014383043149129,0.6842105263157895,,2.100235044355148,,0,-0.01,3,0,0,0
2457,Niobrara County,WY,56027,Niobrara,2016,134658.8980681049,11,12,40640.0,155200.0,627.0,111.0,1281.0,689.0,981.0,2498.0,,3.313457137502581,0.113181807208725,0.0866510538641686,0.7023445463812437,,0.5990395564136941,,0,-0.01,3,0,0,0
2457,Niobrara County,WY,56027,Niobrara,2017,132266.25020436218,12,12,36793.0,152500.0,615.0,103.0,1354.0,703.0,982.0,2479.0,,3.594875389458924,0.1043368108183958,0.0760709010339734,0.7158859470468432,-1.776821211274593,-9.466043307086611,7.689222095812019,0,-0.01,3,0,0,0
2457,Niobrara County,WY,56027,Niobrara,2018,133701.55733295946,12,12,39359.0,144900.0,652.0,82.0,1377.0,743.0,978.0,2448.0,,3.3969754651530644,0.1103945948414042,0.0595497458242556,0.7597137014314929,1.0851650563765247,6.974152692088165,-5.88898763571164,0,-0.01,3,0,0,0
2457,Niobrara County,WY,56027,Niobrara,2019,133315.166724686,12,12,39150.0,156300.0,560.0,39.0,1328.0,747.0,964.0,2422.0,,3.405240529366181,0.1101316718745946,0.029367469879518,0.774896265560166,-0.2889948449225965,-0.5310094260524867,0.2420145811298901,0,-0.01,3,0,0,0
2457,Niobrara County,WY,56027,Niobrara,2020,137420.34366275446,12,12,46111.0,141600.0,823.0,49.0,1306.0,681.0,900.0,2377.0,,2.980207405234206,0.1259236562595769,0.0375191424196018,0.7566666666666667,3.079302257143945,17.780332056194116,-14.70102979905017,0,-0.01,3,0,0,0
2457,Niobrara County,WY,56027,Niobrara,2021,157218.43860169515,12,12,48688.0,182900.0,909.0,41.0,1361.0,756.0,1017.0,2486.0,,3.229100365627981,0.1163281812289086,0.0301249081557678,0.7433628318584071,14.40696072448162,5.588688165513656,8.818272558967966,0,-0.01,3,0,0,0
2457,Niobrara County,WY,56027,Niobrara,2022,177985.21151925044,12,12,54375.0,195600.0,951.0,18.0,1325.0,755.0,1072.0,2460.0,,3.273291246331042,0.1146121479020179,0.0135849056603773,0.7042910447761194,13.208866022494249,11.680496220834712,1.5283698016595366,0,-0.01,3,0,0,0
2457,Niobrara County,WY,56027,Niobrara,2023,172900.65962677952,12,12,48987.0,194200.0,775.0,28.0,1378.0,744.0,1141.0,2415.0,,3.5295212939510385,0.1062608015079047,0.0203193033381712,0.6520595968448729,-2.8567271679877604,-9.908965517241375,7.052238349253615,0,-0.01,3,0,0,0
270,Park County,WY,56029,Park,2014,224767.18061818488,12,12,56318.0,213200.0,673.0,1024.0,13763.0,8500.0,11751.0,28735.0,180.89,3.991036269366541,0.0939640216342607,0.0744023832013369,0.7233426942387882,,,,1,3.96,5,0,1,0
270,Park County,WY,56029,Park,2015,237570.55964433964,12,12,56363.0,221300.0,692.0,875.0,13823.0,8514.0,11822.0,28985.0,183.38,4.2150091308897615,0.0890300559649136,0.0633002966071041,0.7201827102013195,5.6962849251128045,0.0799034056607084,5.616381519452096,1,3.96,5,0,1,0
270,Park County,WY,56029,Park,2016,249958.23200274457,12,12,61185.0,231100.0,723.0,921.0,13931.0,8512.0,11826.0,29083.0,192.88,4.085286132266806,0.0917987733676659,0.0661115497810638,0.719769998308811,5.214312908531338,8.555257881943824,-3.340944973412486,1,3.96,5,0,1,0
270,Park County,WY,56029,Park,2017,255607.69464902603,12,12,60828.0,236200.0,759.0,970.0,14192.0,8534.0,11811.0,29276.0,197.08,4.202138729680838,0.089241870937852,0.0683483652762119,0.7225467784268902,2.260162668385113,-0.5834763422407407,2.8436390106258536,1,3.96,5,0,1,0
270,Park County,WY,56029,Park,2018,263849.7074232281,12,12,62666.0,254800.0,822.0,1011.0,14324.0,8591.0,11977.0,29121.0,205.11,4.210412463269206,0.0890795377458679,0.0705808433398492,0.7172914753277114,3.2244775672810366,3.0216347734595805,0.2028427938214561,1,3.96,5,0,1,0
270,Park County,WY,56029,Park,2019,276055.9870204924,12,12,63582.0,268500.0,882.0,1084.0,14452.0,8897.0,12160.0,29148.0,210.83,4.341731732573565,0.0863960505204487,0.0750069194575145,0.7316611842105263,4.626224420133562,1.4617176778476404,3.164506742285922,1,3.96,5,0,1,0
270,Park County,WY,56029,Park,2020,294582.92730876786,12,12,63684.0,280400.0,914.0,1009.0,14569.0,9243.0,12575.0,29273.0,223.1,4.625697621204194,0.0811186406165052,0.0692566408126844,0.7350298210735586,6.711298127687471,0.1604227611588182,6.550875366528652,1,3.96,5,0,1,0
270,Park County,WY,56029,Park,2021,337245.0189174927,12,12,62586.0,290600.0,874.0,955.0,14466.0,9070.0,12607.0,29664.0,258.91,5.3885057188108,0.0697434127259392,0.0660168671367344,0.7194415800745617,14.482200987842209,-1.7241379310344862,16.206338918876696,1,3.96,5,0,1,1
270,Park County,WY,56029,Park,2022,389225.0235476291,12,12,66754.0,329500.0,877.0,893.0,14622.0,9599.0,13050.0,29878.0,309.24,5.830737087629642,0.0643816670153323,0.0610723567227465,0.7355555555555555,15.413127463523304,6.659636340395614,8.753491123127688,1,3.96,5,0,1,1
270,Park County,WY,56029,Park,2023,414481.1857116279,12,12,70533.0,374200.0,933.0,1080.0,14813.0,9842.0,13179.0,30109.0,338.93,5.876415092391191,0.0638520113082619,0.0729089313440896,0.7467941421959178,6.488833100657043,5.661083979986215,0.8277491206708287,1,3.96,5,0,1,1
1328,Platte County,WY,56031,Platte,2014,155298.1411516169,12,12,41299.0,147200.0,580.0,475.0,4678.0,2836.0,3690.0,8730.0,174.49,3.760336597777595,0.0997261716271987,0.1015391192817443,0.7685636856368564,,,,0,4.1,5,0,1,0
1328,Platte County,WY,56031,Platte,2015,163430.60356085002,12,12,38500.0,155500.0,592.0,433.0,4691.0,2893.0,3758.0,8750.0,176.58,4.2449507418402606,0.0884334729571045,0.0923044127051801,0.7698243746673763,5.236677238327947,-6.777403811230299,12.014081049558246,0,4.1,5,0,1,0
1328,Platte County,WY,56031,Platte,2016,173538.00863451994,12,12,41051.0,164000.0,632.0,367.0,4698.0,2776.0,3680.0,8740.0,191.46,4.227375913729749,0.0887089375823902,0.0781183482332907,0.7543478260869565,6.184524105919143,6.625974025974024,-0.4414499200548816,0,4.1,5,0,1,0
1328,Platte County,WY,56031,Platte,2017,178514.2463154027,12,12,47380.0,169900.0,679.0,355.0,4799.0,2856.0,3740.0,8703.0,197.81,3.767713092347039,0.0995641428724098,0.0739737445301104,0.7636363636363637,2.8675203317349185,15.417407614918034,-12.549887283183114,0,4.1,5,0,1,0
1328,Platte County,WY,56031,Platte,2018,185479.56882670888,12,12,47096.0,173700.0,746.0,327.0,4822.0,2904.0,3936.0,8673.0,200.09,3.9383295572173616,0.0952223562112068,0.0678141849854832,0.7378048780487805,3.901830052823718,-0.5994090333474089,4.501239086171127,0,4.1,5,0,1,0
1328,Platte County,WY,56031,Platte,2019,195450.9838580188,12,12,50903.0,188500.0,763.0,285.0,4844.0,3013.0,4030.0,8582.0,203.48,3.839675144058676,0.0976960425506606,0.0588356729975227,0.7476426799007444,5.37601801340506,8.083489043655522,-2.7074710302504625,0,4.1,5,0,1,0
1328,Platte County,WY,56031,Platte,2020,204478.7024042273,12,12,57784.0,188600.0,784.0,333.0,4869.0,2916.0,3846.0,8572.0,217.4,3.5386733767864342,0.1059935422229018,0.0683918669131238,0.7581903276131046,4.618916911038196,13.517867316268203,-8.89895040523001,0,4.1,5,0,1,0
1328,Platte County,WY,56031,Platte,2021,222421.9770463714,12,12,59402.0,210400.0,808.0,335.0,4612.0,3060.0,3793.0,8607.0,230.05,3.744351655607074,0.1002332695514427,0.0726366001734605,0.8067492749802267,8.775131312537688,2.8000830679772992,5.975048244560389,0,4.1,5,0,1,1
1328,Platte County,WY,56031,Platte,2022,246692.54371328373,12,12,64753.0,237100.0,788.0,354.0,4624.0,2860.0,3861.0,8618.0,259.35,3.809746941659595,0.0984673533837483,0.0765570934256055,0.7407407407407407,10.911946287507511,9.008114204908924,1.903832082598587,0,4.1,5,0,1,1
1328,Platte County,WY,56031,Platte,2023,254302.213470452,12,12,66299.0,248900.0,745.0,243.0,4656.0,2810.0,3877.0,8606.0,276.51,3.835687015949743,0.0977701894653396,0.0521907216494845,0.7247872066030436,3.0846776487952976,2.3875341683010864,0.6971434804942112,0,4.1,5,0,1,1
2546,Sheridan County,WY,56033,Sheridan,2014,240243.58765239944,12,12,56015.0,219400.0,757.0,927.0,14143.0,8781.0,12568.0,29578.0,179.85,4.288915248636962,0.0874529550849081,0.0655447924768436,0.6986791852323361,,,,1,2.17,4,0,0,0
2546,Sheridan County,WY,56033,Sheridan,2015,254674.72044158293,12,12,55455.0,228000.0,731.0,907.0,14257.0,8589.0,12578.0,29738.0,190.28,4.592457315689892,0.0817041237234079,0.0636178719225643,0.6828589600890443,6.006875326080885,-0.9997322145853804,7.006607540666265,1,2.17,4,0,0,0
2546,Sheridan County,WY,56033,Sheridan,2016,261188.35894089928,12,12,53914.0,237700.0,758.0,978.0,14344.0,8688.0,12697.0,29924.0,193.03,4.844536835347021,0.0774127882025374,0.0681818181818181,0.6842561234937387,2.5576305681310973,-2.7788296817239155,5.336460249855013,1,2.17,4,0,0,0
2546,Sheridan County,WY,56033,Sheridan,2017,263865.563902765,12,12,56455.0,240900.0,810.0,872.0,14651.0,9001.0,13130.0,29964.0,197.23,4.67390955456142,0.080250019426717,0.0595181216299228,0.6855293221629856,1.0250092970152336,4.713061542456498,-3.688052245441265,1,2.17,4,0,0,0
2546,Sheridan County,WY,56033,Sheridan,2018,275789.7765539498,12,12,58521.0,261500.0,809.0,903.0,14779.0,8935.0,13159.0,30012.0,211.81,4.71266342943473,0.07958643599027,0.0611002097570877,0.679002963751045,4.519048440735118,3.659551855460097,0.8594965852750214,1,2.17,4,0,0,0
2546,Sheridan County,WY,56033,Sheridan,2019,291656.4432698812,12,12,60807.0,272400.0,836.0,896.0,14915.0,9117.0,13251.0,30140.0,221.4,4.796428754417767,0.0782147872385785,0.0600737512571237,0.6880235453928005,5.753174361351854,3.906290049725736,1.846884311626118,1,2.17,4,0,0,0
2546,Sheridan County,WY,56033,Sheridan,2020,310772.1466461999,12,12,59380.0,284200.0,859.0,1252.0,15053.0,8991.0,13294.0,30397.0,229.18,5.233616481074434,0.0716864317695824,0.0831727894771806,0.6763201444260568,6.554185178288763,-2.3467692864308387,8.900954464719602,1,2.17,4,0,0,0
2546,Sheridan County,WY,56033,Sheridan,2021,352822.4293710839,12,12,62531.0,289800.0,868.0,1159.0,14817.0,8918.0,13003.0,30812.0,263.04,5.642360259248755,0.0665929162722528,0.0782209624080448,0.685841728831808,13.530904612489714,5.306500505220613,8.224404107269102,1,2.17,4,0,0,0
2546,Sheridan County,WY,56033,Sheridan,2022,403449.3326264557,12,12,68898.0,342400.0,919.0,1295.0,14999.0,9011.0,13066.0,31176.0,311.75,5.855748100473971,0.0640828308101871,0.0863390892726181,0.689652533292515,14.349117017763202,10.182149653771733,4.1669673639914695,1,2.17,4,0,0,0
2546,Sheridan County,WY,56033,Sheridan,2023,414650.7281328936,12,12,70855.0,352200.0,950.0,1247.0,15236.0,9442.0,13515.0,31585.0,322.02,5.852102577558304,0.064086288554553,0.0818456287739564,0.6986311505734369,2.776406998498881,2.840430781735326,-0.0640237832364443,1,2.17,4,0,0,0
2563,Sublette County,WY,56035,Sublette,2014,277763.52362054394,12,12,78578.0,284400.0,1180.0,1449.0,5815.0,2587.0,3540.0,10183.0,154.08,3.5348764745926844,0.1061002642288352,0.2491831470335339,0.7307909604519774,,,,1,5.29,6,1,1,0
2563,Sublette County,WY,56035,Sublette,2015,292452.5624975212,12,12,81772.0,275600.0,1171.0,1524.0,5843.0,2664.0,3623.0,10117.0,154.14,3.57643890937633,0.1048680775341093,0.2608249187061441,0.7353022357162572,5.288325365948388,4.064750948102525,1.223574417845863,1,5.29,6,1,1,0
2563,Sublette County,WY,56035,Sublette,2016,298446.2362596344,12,12,76004.0,264700.0,1066.0,1891.0,5859.0,2285.0,3203.0,10032.0,154.12,3.926717491969296,0.0955048596650133,0.3227513227513227,0.7133936934124259,2.04945161393959,-7.053759232989288,9.103210846928878,1,5.29,6,1,1,0
2563,Sublette County,WY,56035,Sublette,2017,295174.48903149273,12,12,84911.0,264800.0,1078.0,1871.0,5953.0,2419.0,3197.0,10037.0,153.17,3.4762809180376246,0.1078741837845041,0.3142953132874181,0.7566468564279012,-1.0962601737404265,11.719120046313346,-12.815380220053772,1,5.29,6,1,1,0
2563,Sublette County,WY,56035,Sublette,2018,290579.3218570479,12,12,78680.0,272600.0,980.0,1959.0,5989.0,2654.0,3275.0,9951.0,162.23,3.6931789763224185,0.1015468777877531,0.3270996827517115,0.8103816793893129,-1.5567629809480454,-7.338271837571108,5.781508856623063,1,5.29,6,1,1,0
2563,Sublette County,WY,56035,Sublette,2019,277730.79777668667,12,12,77403.0,275100.0,895.0,1906.0,6028.0,2741.0,3340.0,9880.0,166.45,3.58811412705821,0.1045451454620254,0.3161911081619111,0.8206586826347305,-4.421692499744401,-1.6230299949161142,-2.7986625048282865,1,5.29,6,1,1,0
2563,Sublette County,WY,56035,Sublette,2020,285418.1845048776,12,12,78655.0,290300.0,877.0,1623.0,6054.0,2932.0,3529.0,9865.0,171.8,3.628735420569291,0.1033952283976401,0.2680872150644202,0.8308302635307453,2.767927356177502,1.6175083653088285,1.1504189908686735,1,5.29,6,1,1,0
2563,Sublette County,WY,56035,Sublette,2021,320000.1984244057,12,12,82342.0,309500.0,1008.0,1100.0,5246.0,2738.0,3337.0,8830.0,195.43,3.8862330089675465,0.0966424260829337,0.2096835684330918,0.8204974528019179,12.116261610842493,4.687559595702751,7.428702015139742,1,5.29,6,1,1,1
2563,Sublette County,WY,56035,Sublette,2022,364230.4597994893,12,12,85960.0,339400.0,985.0,963.0,5235.0,2882.0,3477.0,8801.0,234.15,4.237208699389126,0.0886092957228925,0.1839541547277937,0.8288754673569169,13.821948109051595,4.39386947122975,9.428078637821848,1,5.29,6,1,1,1
2563,Sublette County,WY,56035,Sublette,2023,400820.6552737001,12,12,82791.0,350100.0,1116.0,806.0,5239.0,3015.0,3719.0,8806.0,260.03,4.841355404255295,0.0775495489215415,0.1538461538461538,0.8107018015595591,10.04589113561616,-3.686598417868781,13.73248955348494,1,5.29,6,1,1,1
3036,Sweetwater County,WY,56037,Sweetwater,2014,205511.8747740732,12,12,69448.0,183400.0,908.0,309.0,18938.0,11774.0,16687.0,44595.0,181.34,2.9592194847090374,0.126724958202665,0.0163164008871052,0.7055791933840714,,,,0,2.63,5,0,1,0
3036,Sweetwater County,WY,56037,Sweetwater,2015,215063.6981271036,12,12,69022.0,190900.0,892.0,280.0,19042.0,11841.0,16679.0,44772.0,184.28,3.1158717239011278,0.1204019021407542,0.0147043377796449,0.7099346483602135,4.647820649551804,-0.6134085934800138,5.261229243031817,0,2.63,5,0,1,0
3036,Sweetwater County,WY,56037,Sweetwater,2016,218789.88944768583,12,12,68233.0,190700.0,891.0,164.0,19102.0,11994.0,16533.0,44812.0,185.61,3.20651135737379,0.1169595631708655,0.0085854884305308,0.725458174559971,1.732598924426565,-1.1431137898061494,2.8757127142327144,0,2.63,5,0,1,0
3036,Sweetwater County,WY,56037,Sweetwater,2017,214776.04138125372,12,12,71083.0,201000.0,870.0,158.0,19526.0,12001.0,16269.0,44527.0,189.28,3.0214825117292987,0.1241117212905649,0.0080917750691385,0.7376605814739688,-1.834567436623624,4.176864566998373,-6.011432003621997,0,2.63,5,0,1,0
3036,Sweetwater County,WY,56037,Sweetwater,2018,216163.81881708853,12,12,73008.0,205800.0,868.0,174.0,19628.0,11962.0,15871.0,44117.0,189.71,2.960823729140485,0.1266552638299694,0.0088648868962706,0.753701720118455,0.646150951898461,2.708101796491436,-2.0619508445929746,0,2.63,5,0,1,0
3036,Sweetwater County,WY,56037,Sweetwater,2019,221253.2525860509,12,12,74843.0,205600.0,861.0,185.0,19771.0,11832.0,15523.0,43521.0,192.35,2.956231746269536,0.1268582055234745,0.0093571392443477,0.7622237969464666,2.3544336868275284,2.513423186500119,-0.1589894996725904,0,2.63,5,0,1,0
3036,Sweetwater County,WY,56037,Sweetwater,2020,228011.80600837173,12,12,73384.0,205100.0,852.0,274.0,19842.0,11852.0,15726.0,43352.0,194.96,3.10710517290379,0.1206970099013159,0.0138090918254208,0.7536563652549917,3.054668504677593,-1.9494141068637003,5.004082611541294,0,2.63,5,0,1,0
3036,Sweetwater County,WY,56037,Sweetwater,2021,236854.5969823349,12,12,76668.0,217300.0,859.0,238.0,19174.0,11567.0,15529.0,42459.0,204.22,3.089354058829432,0.1214116688152091,0.0124126421195368,0.7448644471633717,3.8782162769406936,4.475089937861121,-0.5968736609204273,0,2.63,5,0,1,1
3036,Sweetwater County,WY,56037,Sweetwater,2022,252378.9528900992,12,12,79375.0,240300.0,899.0,207.0,19198.0,11982.0,16335.0,42079.0,223.69,3.179577359245344,0.1179691329259866,0.0107823731638712,0.7335169880624426,6.5543823533736,3.53080815985809,3.0235741935155103,0,2.63,5,0,1,1
3036,Sweetwater County,WY,56037,Sweetwater,2023,264208.6198247859,12,12,76464.0,242900.0,913.0,179.0,19226.0,12476.0,16863.0,41786.0,237.59,3.4553334879784723,0.1085436638144667,0.0093103089566212,0.7398446302555891,4.687263656188501,-3.667401574803153,8.354665230991653,0,2.63,5,0,1,1
745,Teton County,WY,56039,Teton,2014,757377.7732109326,12,12,73572.0,675000.0,1108.0,3807.0,13034.0,4644.0,7873.0,21956.0,194.44,10.294375213545,0.0364469180459022,0.2920822464324075,0.5898640924679284,,,,1,5.39,6,1,1,0
745,Teton County,WY,56039,Teton,2015,857047.812988208,12,12,75325.0,689000.0,1113.0,3554.0,13146.0,4953.0,8187.0,22311.0,200.28,11.377999508638672,0.0330471147517231,0.2703483949490339,0.6049835104433858,13.159884446399904,2.382699940194644,10.777184506205264,1,5.39,6,1,1,0
745,Teton County,WY,56039,Teton,2016,941680.1872086657,12,12,75594.0,720000.0,1187.0,3436.0,13292.0,5132.0,8576.0,22623.0,225.77,12.457075789198424,0.0301058732886701,0.2585013541980138,0.5984141791044776,9.87487196605472,0.3571191503484838,9.517752815706238,1,5.39,6,1,1,0
745,Teton County,WY,56039,Teton,2017,993561.4043579934,12,12,80049.0,739100.0,1272.0,3065.0,13508.0,5142.0,8795.0,22923.0,239.17,12.411915256380384,0.0302361576365314,0.2269025762511104,0.584650369528141,5.509430680825345,5.89332486705294,-0.3838941862275957,1,5.39,6,1,1,0
745,Teton County,WY,56039,Teton,2018,1065563.9321002427,12,12,83831.0,827400.0,1339.0,2747.0,13680.0,5287.0,9158.0,23059.0,270.94,12.710857941575822,0.0295224281881157,0.2008040935672514,0.577309456213147,7.246912714848763,4.724606178715529,2.522306536133234,1,5.39,6,1,1,0
745,Teton County,WY,56039,Teton,2019,1142235.4356093705,12,12,84678.0,866600.0,1376.0,2766.0,13848.0,5448.0,9019.0,23280.0,296.51,13.48916407578557,0.0278053972989906,0.199740034662045,0.6040580995675796,7.195392148644442,1.0103660936884973,6.185026054955944,1,5.39,6,1,1,0
745,Teton County,WY,56039,Teton,2020,1195846.5708331852,12,12,87053.0,850800.0,1402.0,2352.0,14015.0,5609.0,10027.0,23356.0,294.25,13.73699436932886,0.0273106806593914,0.1678201926507313,0.5593896479505336,4.69352758218482,2.8047426722407343,1.8887849099440857,1,5.39,6,1,1,0
745,Teton County,WY,56039,Teton,2021,1511372.5832597343,12,12,94498.0,945300.0,1524.0,2282.0,13255.0,5656.0,9531.0,23319.0,319.79,15.9936991604027,0.0236984997829586,0.1721614485099962,0.5934319588710524,26.38515844107927,8.552261266125228,17.83289717495404,1,5.39,6,1,1,1
745,Teton County,WY,56039,Teton,2022,1938185.455125192,12,12,108279.0,1137500.0,1511.0,2615.0,13365.0,6003.0,9645.0,23346.0,299.24,17.899920161113346,0.0209649655341086,0.1956603067714178,0.6223950233281493,28.24008299428762,14.58337742597726,13.656705568310358,1,5.39,6,1,1,1
745,Teton County,WY,56039,Teton,2023,2099173.8160956413,12,12,112681.0,1371900.0,1758.0,3110.0,13503.0,5773.0,9383.0,23358.0,,18.62935025510637,0.0201573978404467,0.2303191883285195,0.615261643397634,8.306138122373351,4.0654235816732776,4.240714540700074,1,5.39,6,1,1,1
760,Uinta County,WY,56041,Uinta,2014,176697.97801357682,12,12,56158.0,174800.0,675.0,285.0,8745.0,5323.0,7557.0,20989.0,180.64,3.146443570169465,0.1191836063996958,0.0325900514579759,0.7043800449913987,,,,0,3.32,5,0,1,0
760,Uinta County,WY,56041,Uinta,2015,179976.08003259884,12,12,56569.0,176700.0,641.0,341.0,8765.0,5480.0,7502.0,20930.0,181.01,3.1815319350279982,0.1178717090021932,0.0389047347404449,0.7304718741668889,1.855200640026644,0.7318636703586234,1.1233369696680209,0,3.32,5,0,1,0
760,Uinta County,WY,56041,Uinta,2016,184683.31215682093,12,12,53323.0,179500.0,643.0,289.0,8768.0,5227.0,7432.0,20893.0,190.17,3.463483152801248,0.1082778974936464,0.0329607664233576,0.7033100107642627,2.615476525196847,-5.738125121533,8.353601646729846,0,3.32,5,0,1,0
760,Uinta County,WY,56041,Uinta,2017,186378.09665283933,12,12,54672.0,178400.0,652.0,254.0,8941.0,5556.0,7705.0,20758.0,185.56,3.409022838982282,0.110003522873017,0.0284084554300413,0.7210902011680727,0.917670620169142,2.529865161375011,-1.6121945412058691,0,3.32,5,0,1,0
760,Uinta County,WY,56041,Uinta,2018,189728.4136353912,12,12,58235.0,177500.0,664.0,181.0,8972.0,5822.0,7735.0,20609.0,197.17,3.2579791128254687,0.1151083203867123,0.0201738742755238,0.7526826115061409,1.7975915854492095,6.517047117354413,-4.719455531905203,0,3.32,5,0,1,0
760,Uinta County,WY,56041,Uinta,2019,197438.84054627307,12,12,63403.0,175000.0,698.0,228.0,9041.0,5854.0,7597.0,20479.0,204.75,3.1140299441078985,0.1204373193773775,0.0252184492865833,0.7705673292088983,4.063928413853368,8.874388254486142,-4.810459840632774,0,3.32,5,0,1,0
760,Uinta County,WY,56041,Uinta,2020,208146.8463902862,12,12,72458.0,181600.0,685.0,110.0,9077.0,5996.0,7789.0,20374.0,214.83,2.872655143535375,0.130633612963134,0.0121185413682934,0.7698035691359609,5.42345458187774,14.28165859659638,-8.85820401471864,0,3.32,5,0,1,0
760,Uinta County,WY,56041,Uinta,2021,240628.48055860784,12,12,75106.0,190900.0,711.0,118.0,8819.0,6000.0,7675.0,20514.0,244.59,3.2038516304770304,0.117318661092923,0.0133802018369429,0.7817589576547231,15.60515315587192,3.654530900659703,11.95062225521222,0,3.32,5,0,1,1
760,Uinta County,WY,56041,Uinta,2022,284624.9062812864,12,12,78164.0,224800.0,790.0,143.0,8831.0,5914.0,7586.0,20546.0,291.34,3.6413810229937873,0.1031368309991142,0.0161929566300532,0.7795939889269707,18.28396440044955,4.071578835246181,14.212385565203366,0,3.32,5,0,1,1
760,Uinta County,WY,56041,Uinta,2023,300453.4555028265,12,12,82672.0,255400.0,882.0,279.0,8868.0,5724.0,7479.0,20605.0,297.02,3.634283137009223,0.1031944281142102,0.0314614343707713,0.7653429602888087,5.561196111874067,5.767360933422028,-0.2061648215479605,0,3.32,5,0,1,1
2593,Washakie County,WY,56043,Washakie,2014,144654.9692631079,12,12,45696.0,158700.0,578.0,68.0,3823.0,2384.0,3461.0,8444.0,161.67,3.165593690106528,0.1184635444272085,0.0177870782108291,0.6888182606183184,,,,0,1.1,4,0,0,0
2593,Washakie County,WY,56043,Washakie,2015,150014.5472266481,12,12,47652.0,160800.0,605.0,67.0,3819.0,2590.0,3512.0,8400.0,168.77,3.1481269878839946,0.1191860452228506,0.0175438596491228,0.7374715261958997,3.705076977889288,4.2804621848739455,-0.5753852069846577,0,1.1,4,0,0,0
2593,Washakie County,WY,56043,Washakie,2016,157706.38026978078,12,12,46212.0,156900.0,601.0,76.0,3811.0,2604.0,3493.0,8351.0,169.97,3.412671606287994,0.1098899780171522,0.0199422723694568,0.7454909819639278,5.127391433253159,-3.0219088390833537,8.149300272336513,0,1.1,4,0,0,0
2593,Washakie County,WY,56043,Washakie,2017,160918.81567041462,12,12,51362.0,165500.0,627.0,98.0,3858.0,2657.0,3490.0,8253.0,169.52,3.1330325078932795,0.1196955593151967,0.0254017625712804,0.7613180515759312,2.036972375587132,11.144291526010552,-9.10731915042342,0,1.1,4,0,0,0
2593,Washakie County,WY,56043,Washakie,2018,162080.61276042784,12,12,53426.0,162700.0,628.0,87.0,3868.0,2629.0,3422.0,8129.0,164.24,3.0337403653731863,0.1236140306298416,0.0224922440537745,0.7682641729982467,0.721977156725262,4.018535103773213,-3.296557947047951,0,1.1,4,0,0,0
2593,Washakie County,WY,56043,Washakie,2019,166309.33011786474,12,12,54158.0,165800.0,640.0,73.0,3860.0,2574.0,3365.0,8027.0,175.49,3.0708174252717,0.1221437631931494,0.0189119170984455,0.7649331352154531,2.609021082421114,1.3701194175120834,1.2389016649090312,0,1.1,4,0,0,0
2593,Washakie County,WY,56043,Washakie,2020,173099.44700027342,12,12,57306.0,165900.0,624.0,70.0,3861.0,2510.0,3437.0,7933.0,180.62,3.020616462504335,0.1241652510111662,0.0181300181300181,0.7302880418970032,4.082823782403833,5.812622327264672,-1.7297985448608388,0,1.1,4,0,0,0
2593,Washakie County,WY,56043,Washakie,2021,191458.1397273357,12,12,62271.0,178700.0,621.0,62.0,3842.0,2429.0,3370.0,7768.0,197.48,3.074595553746298,0.1222208524783921,0.0161374284226965,0.7207715133531157,10.605864458384628,8.664014239346663,1.9418502190379647,0,1.1,4,0,0,0
2593,Washakie County,WY,56043,Washakie,2022,221682.6068496793,12,12,61875.0,194000.0,689.0,50.0,3856.0,2446.0,3414.0,7725.0,227.66,3.5827492016109783,0.1047506651551831,0.0129668049792531,0.7164616285881664,15.78646233865406,-0.6359300476947549,16.422392386348818,0,1.1,4,0,0,0
2593,Washakie County,WY,56043,Washakie,2023,230632.80161037896,12,12,62648.0,188600.0,725.0,90.0,3850.0,2535.0,3417.0,7708.0,263.94,3.681407253390036,0.1018704087225069,0.0233766233766233,0.7418788410886743,4.037391515685629,1.2492929292929222,2.7880985863927066,0,1.1,4,0,0,0
1486,Weston County,WY,56045,Weston,2014,168511.48082419456,12,12,53920.0,160600.0,735.0,208.0,3520.0,2264.0,2996.0,7135.0,196.22,3.1252129232973767,0.1200113315041235,0.059090909090909,0.7556742323097463,,,,0,-0.91,3,0,0,0
1486,Weston County,WY,56045,Weston,2015,176325.36202499783,12,12,57738.0,178200.0,740.0,159.0,3506.0,2330.0,2986.0,7152.0,185.71,3.053887596123832,0.122827951539838,0.0453508271534512,0.7803081044876088,4.637002275800639,7.080860534124622,-2.443858258323983,0,-0.91,3,0,0,0
1486,Weston County,WY,56045,Weston,2016,179171.11755655505,12,12,55640.0,172300.0,762.0,86.0,3498.0,2406.0,3134.0,7175.0,189.89,3.2201854341580707,0.1164606595244577,0.024585477415666,0.7677089980855137,1.6139229767489605,-3.633655478194608,5.247578454943569,0,-0.91,3,0,0,0
1486,Weston County,WY,56045,Weston,2017,174860.29694579655,12,12,59605.0,180100.0,769.0,92.0,3564.0,2437.0,3182.0,7117.0,189.99,2.9336514880596685,0.1278332822885588,0.0258136924803591,0.7658705216844752,-2.4059796408859246,7.1261682242990565,-9.532147865184982,0,-0.91,3,0,0,0
1486,Weston County,WY,56045,Weston,2018,174738.82589493677,12,12,52867.0,169900.0,788.0,39.0,3565.0,2379.0,3062.0,7100.0,188.68,3.3052532940196486,0.1134622369296452,0.0109396914446002,0.7769431743958197,-0.0694674851761445,-11.304420770069624,11.23495328489348,0,-0.91,3,0,0,0
1486,Weston County,WY,56045,Weston,2019,177048.3310585576,12,12,57031.0,166300.0,767.0,50.0,3562.0,2400.0,2891.0,7049.0,205.59,3.104422700961891,0.1208066397732184,0.0140370578326782,0.8301625735039778,1.3216897571518782,7.876369001456496,-6.554679244304618,0,-0.91,3,0,0,0
1486,Weston County,WY,56045,Weston,2020,183798.27466879343,12,12,53333.0,166600.0,761.0,58.0,3571.0,2419.0,2882.0,6942.0,215.37,3.446239189034809,0.1088675784333695,0.016241949033884,0.8393476752255378,3.812486437956508,-6.484192807420531,10.29667924537704,0,-0.91,3,0,0,0
1486,Weston County,WY,56045,Weston,2021,202024.93852067375,12,12,65566.0,174500.0,726.0,61.0,3431.0,2396.0,2754.0,6891.0,225.42,3.0812454400249183,0.121761026135858,0.0177790731565141,0.8700072621641249,9.916667544744362,22.937018356364725,-13.020350811620364,0,-0.91,3,0,0,0
1486,Weston County,WY,56045,Weston,2022,221411.1119644993,12,12,71800.0,208900.0,767.0,67.0,3412.0,2375.0,2638.0,6870.0,241.96,3.083720222346787,0.1217148360320592,0.0196365767878077,0.900303260045489,9.595930871594692,9.507976695238396,0.0879541763562965,0,-0.91,3,0,0,0
1486,Weston County,WY,56045,Weston,2023,231833.8452058503,12,12,87545.0,214000.0,694.0,114.0,3417.0,2450.0,2754.0,6835.0,245.18,2.648167744655324,0.141619270576865,0.0333625987708516,0.8896151053013798,4.707411994309552,21.92896935933149,-17.221557365021933,0,-0.91,3,0,0,0
